Player,Team,Pos,GW23,GW24,GW25,GW26,GW27,GW28,GW29,GW30,GW31,GW32,GW33,GW34,GW35,GW36,GW37,GW38,Total,Price,Value
Haaland,Man City,F,6.02,6.85,13.19,6.76,6.79,5.26,5.98,5.45,6.58,6.01,8.54,5.69,6.79,7.38,6.13,7.26,110.68,14m,7.91
De Bruyne,Man City,M,5.49,6.06,11.64,5.91,5.94,4.56,5.19,4.81,5.71,5.35,7.35,4.94,5.93,6.39,5.35,6.26,96.86,10.7m,9.05
Salah,Liverpool,M,0,2.52,5.6,0,6.53,4.67,5.69,6.61,8.34,5.58,6.7,5.82,6.06,6.27,5.36,7.14,82.9,13.1m,6.33
Saka,Arsenal,M,4.69,4.82,5.13,4.86,5.66,5.34,4.75,3.29,6.47,4.47,4.95,4.86,4.24,5.85,4.45,5.23,79.05,9.1m,8.69
Watkins,Aston Villa,F,5.7,5.02,4.5,5.72,5.46,4.77,4.6,5.4,3.21,5.1,3.44,5.68,4.52,4.28,4.38,4.38,76.16,8.8m,8.65
Odegaard,Arsenal,M,4.35,4.5,4.77,4.52,5.23,4.95,4.43,3.13,5.91,4.16,4.59,4.53,3.96,5.37,4.16,4.85,73.42,8.5m,8.64
Toney,Brentford,F,3.57,4.7,6.97,4.21,4.18,3.1,4.5,4.55,4.56,3.72,5.8,5.01,4.1,4.74,4.5,4.24,72.44,8m,9.06
Palmer,Chelsea,M,5.66,4.46,3.12,0,4.41,4.65,3.37,5.7,4.97,5.48,5.11,4.21,4.04,5.34,4.98,5.71,71.2,5.8m,12.28
Trippier,Newcastle,D,6.41,4.64,5.17,2.49,5.16,3.25,4.29,4.89,4.7,3.87,3.93,3.47,5.88,4.54,4.06,3.84,70.6,6.7m,10.54
B.Fernandes,Man Utd,M,4.89,3.69,5.01,4.72,2.87,4.63,5.7,4.01,3.52,3.9,4.45,4.21,5.19,4.06,3.57,3.83,68.26,8.2m,8.32
Foden,Man City,M,3.88,4.22,8.13,4.11,4.13,3.27,3.66,3.44,3.98,3.77,5.01,3.5,4.12,4.41,3.76,4.32,67.73,8m,8.47
Solanke,Bournemouth,F,5.01,3.87,3.51,3.22,4.25,5.46,4.08,4.37,4.41,4.71,4.3,3.6,4.32,3.05,4.42,3.45,66.04,7.1m,9.3
Diogo J.,Liverpool,M,3.83,5.91,4.17,0,4.63,3.4,4.03,4.6,5.74,3.91,4.66,4.04,4.18,4.32,3.7,4.87,65.99,8m,8.25
Martinelli,Arsenal,M,4.03,4.01,4.24,4.02,4.64,4.38,3.92,2.78,5.24,3.68,4.05,3.98,3.49,4.73,3.65,4.25,65.09,7.7m,8.45
Ederson M.,Man City,GK,3.82,4.04,7.84,3.82,3.88,3.14,3.43,3.54,3.74,3.94,4.53,3.4,4.02,4.16,3.74,4.04,65.08,5.5m,11.83
G.Jesus,Arsenal,F,3.99,3.9,4.1,3.92,4.49,4.26,3.81,2.7,5.07,3.62,3.96,3.85,3.42,4.63,3.56,4.13,63.41,8m,7.93
Bowen,West Ham,M,3.82,3.48,4.35,4.41,3.72,4.81,4.01,3.4,3.98,3.96,4.35,3.78,3.65,3.34,5.34,2.78,63.18,8.1m,7.8
Rashford,Man Utd,M,4.77,3.49,4.64,4.35,2.74,4.23,5.17,3.66,3.24,3.58,4.04,3.8,4.64,3.65,3.24,3.49,62.74,8.4m,7.47
Olise,Crystal Palace,M,3.12,3.82,3.66,4.79,3.39,5.3,3.87,4.21,4.08,3.07,3.08,4.48,3.73,4.14,3.95,3.95,62.66,5.9m,10.62
Alexander-Arnold,Liverpool,D,2.67,5.47,3.8,0,4.49,2.8,3.84,4.12,5.76,3.53,4.95,3.89,4.04,4.01,3.28,5.02,61.67,8.5m,7.26
Darwin,Liverpool,F,3.57,5.4,3.86,0,4.27,3.22,3.76,4.34,5.3,3.69,4.29,3.8,3.93,4.1,3.54,4.54,61.61,7.5m,8.21
Alvarez,Man City,F,3.5,3.78,7.32,3.72,3.73,3.05,3.36,3.13,3.61,3.37,4.44,3.21,3.68,3.93,3.39,3.87,61.1,6.9m,8.86
Nkunku,Chelsea,F,4.81,3.82,2.85,0,3.81,3.99,3.02,4.76,4.24,4.61,4.32,3.71,3.56,4.51,4.23,4.81,61.06,7.4m,8.25
Sterling,Chelsea,M,4.77,3.85,2.8,0,3.8,3.98,2.99,4.8,4.23,4.63,4.34,3.64,3.51,4.51,4.24,4.8,60.89,7.1m,8.58
Eze,Crystal Palace,M,2.64,3.73,3.57,4.63,3.31,5.12,3.76,4.07,3.96,3.02,3.02,4.34,3.62,4.01,3.82,3.84,60.46,6m,10.08
Maddison,Tottenham,M,4.09,4.32,4.62,0,4.29,3.4,3.69,5.18,3.81,4.74,3.31,3.01,3.26,3.06,4.64,4.44,59.86,7.9m,7.58
Martinez,Aston Villa,GK,4.2,3.8,3.64,4.32,4.24,3.62,3.64,4.12,3.03,3.94,3.12,4.03,3.66,3.3,3.33,3.8,59.8,5.2m,11.5
Leno,Fulham,GK,3.91,4.05,3.62,3.43,3.59,3.73,3.58,4.09,3.87,3.63,3.6,3.34,4.15,3.54,3.21,4.18,59.52,4.8m,12.4
Gross,Brighton,M,4.53,3.41,4.41,4.08,3.58,4.57,2.94,2.95,3.54,3.18,3.91,3.65,3.88,3.75,3.17,3.92,59.47,6.5m,9.15
Raya,Arsenal,GK,3.49,3.77,3.98,3.74,4.16,3.27,3.76,3.04,4.5,3.37,3.69,3.84,3.35,4.03,3.5,3.97,59.46,4.9m,12.13
Douglas Luiz,Aston Villa,M,4.38,3.86,3.51,4.42,4.23,3.66,3.57,4.18,2.55,3.96,2.73,4.3,3.55,3.26,3.34,3.5,59,5.6m,10.54
Zinchenko,Arsenal,D,3.21,3.71,4.07,3.68,4.43,4.14,3.67,2.07,5.02,2.98,3.62,3.8,2.91,4.31,3.21,4.08,58.91,5.2m,11.33
Neto (Pedro),Wolves,M,3.33,4.06,3.16,4.93,3.11,3.98,4.36,3.13,3.76,4.05,3.78,3.03,4.78,2.53,3.91,2.84,58.73,5.6m,10.49
Calvert-Lewin,Everton,F,3.9,2.62,3.89,3.35,4.07,3.32,3.39,3.76,3.13,4.28,3.07,4.33,3.9,4.11,4.71,2.73,58.58,5.8m,10.1
Pickford,Everton,GK,3.58,3.05,4.12,3.27,3.92,3.35,3.29,3.58,3.26,4.16,3.26,4.17,3.82,4.1,4.36,3.07,58.34,4.5m,12.97
Rodrigo,Man City,M,3.32,3.61,6.99,3.48,3.53,2.8,3.11,3.02,3.41,3.27,4.2,3.01,3.52,3.76,3.24,3.68,57.96,5.6m,10.35
Pedro Porro,Tottenham,D,3.66,3.81,4.75,0,4.64,2.93,3.56,5.6,3.7,5.01,2.94,2.51,2.98,2.19,4.95,4.66,57.89,5.9m,9.81
Cunha,Wolves,F,3.23,3.92,3.15,4.69,3.09,3.86,4.22,3.13,3.66,3.93,3.68,3.02,4.56,2.57,3.77,2.89,57.38,5.8m,9.89
Mbeumo,Brentford,M,0,0,5.2,3.76,3.76,2.83,4.07,4.11,4.1,3.39,5.28,4.58,3.77,4.32,4.11,3.87,57.15,6.8m,8.4
Isak,Newcastle,F,5.08,3.64,4.12,2.63,3.96,3,3.24,3.76,3.58,3.18,3.37,3.07,4.28,3.43,3.52,3.15,57.02,7.6m,7.5
A.Becker,Liverpool,GK,3.32,4.34,3.7,0,3.98,3.32,3.7,3.68,4.46,3.52,4.22,3.67,3.71,3.65,3.41,4.12,56.81,5.7m,9.97
Ward-Prowse,West Ham,M,3.4,3.15,3.9,3.95,3.35,4.3,3.59,3.05,3.56,3.56,3.91,3.43,3.25,3.01,4.75,2.51,56.67,6m,9.45
Gabriel,Arsenal,D,3.07,3.56,3.91,3.54,4.26,3.98,3.53,1.99,4.84,2.85,3.47,3.65,2.78,4.14,3.08,3.92,56.58,5m,11.32
Sa,Wolves,GK,3.25,3.68,3.17,4.16,3.18,3.68,3.75,3.17,3.61,3.71,3.61,3.21,4.25,3.03,3.87,3.07,56.4,5m,11.28
Harrison,Everton,M,3.68,2.5,3.82,3.16,3.91,3.17,3.18,3.58,3,4.14,2.96,4.18,3.76,4,4.53,2.62,56.18,5.5m,10.21
Gordon,Newcastle,M,4.98,3.56,4.02,2.5,3.87,2.84,3.18,3.69,3.53,3.08,3.26,2.95,4.23,3.36,3.38,3.04,55.48,6.1m,9.1
Neto (Murara),Bournemouth,GK,3.96,3.32,3.14,3.1,3.55,4.1,3.4,3.58,3.8,3.83,3.43,3.12,3.33,3.01,3.59,3.11,55.35,4.6m,12.03
Bernardo,Man City,M,3.07,3.41,6.6,3.31,3.36,2.67,2.98,2.86,3.26,3.12,4.04,2.89,3.38,3.61,3.11,3.55,55.22,6.5m,8.5
Bailey,Aston Villa,M,4.38,3.61,3.25,4.12,3.93,3.42,3.3,3.88,2.35,3.66,2.51,4.04,3.25,3.05,3.12,3.17,55.02,5.7m,9.65
Flekken,Brentford,GK,2.96,3.31,5.89,3.18,3.25,2.91,3.39,3.27,3.15,2.99,3.81,3.62,3.16,3.43,3.22,3.21,54.74,4.5m,12.16
Kudus,West Ham,M,3.51,3.09,3.85,3.87,3.23,4.17,3.45,2.9,3.4,3.4,3.74,3.25,3.08,2.83,4.53,2.33,54.62,6.8m,8.03
Vicario,Tottenham,GK,3.53,3.5,3.99,0,4.03,3.25,3.49,4.36,3.53,4.08,3.25,3.17,3.3,3.06,4.05,3.9,54.48,5.3m,10.28
Saliba,Arsenal,D,2.81,3.4,3.75,3.39,4.08,3.82,3.41,1.92,4.64,2.72,3.34,3.55,2.69,3.98,2.99,3.82,54.29,5.6m,9.7
Doku,Man City,M,2.89,3.31,6.44,3.24,3.29,2.61,2.92,2.81,3.22,3.07,4.01,2.85,3.35,3.59,3.08,3.53,54.19,6.5m,8.34
Szoboszlai,Liverpool,M,2.97,4.45,3.41,0,3.76,2.92,3.38,3.74,4.55,3.31,3.89,3.43,3.53,3.61,3.2,4.04,54.18,7.1m,7.63
Walker,Man City,D,3.4,3.56,6.74,3.26,3.3,2.11,2.63,2.72,3.08,3.27,4.07,2.55,3.4,3.58,3.02,3.43,54.12,5.5m,9.84
White (Ben),Arsenal,D,2.9,3.39,3.73,3.37,4.05,3.79,3.37,1.88,4.6,2.69,3.3,3.48,2.64,3.93,2.92,3.74,53.79,5.6m,9.61
Estupinan,Brighton,D,4.48,2.59,4.34,3.97,3.22,4.64,2.2,1.85,3.21,2.64,3.84,3.39,3.52,3.37,2.58,3.64,53.48,5.1m,10.49
Wilson (Callum),Newcastle,F,1.98,3.55,4.05,2.57,3.9,2.94,3.18,3.73,3.55,3.14,3.35,3.04,4.28,3.42,3.52,3.14,53.32,7.8m,6.84
Areola,West Ham,GK,3.19,3.1,3.47,3.49,3.21,3.76,3.24,3.03,3.2,3.32,3.5,3.36,3.03,3.03,4,2.89,52.83,4.2m,12.58
Tavernier,Bournemouth,M,4.18,3.11,2.82,2.61,3.41,4.3,3.25,3.48,3.55,3.74,3.38,2.84,3.35,2.45,3.49,2.75,52.7,5.4m,9.76
Willian,Fulham,M,4.16,4.44,3.33,2.94,3.35,3.17,3.15,3.58,3.3,3.07,3.02,2.86,3.37,2.91,2.43,3.52,52.6,5.3m,9.92
Onana,Man Utd,GK,3.62,3.01,3.71,3.5,2.82,3.48,3.89,3.15,2.99,2.98,3.21,3.21,3.71,3.34,3.01,2.93,52.56,4.8m,10.95
Stones,Man City,D,3.2,3.42,6.5,3.16,3.2,2.06,2.57,2.65,3,3.18,3.96,2.5,3.31,3.5,2.95,3.36,52.52,5.3m,9.91
McNeil,Everton,M,3.4,2.36,3.53,2.94,3.6,2.95,2.97,3.31,2.8,3.81,2.76,3.85,3.47,3.69,4.16,2.47,52.07,5.4m,9.64
Schar,Newcastle,D,4.79,3.44,3.76,1.84,3.81,2.41,3.24,3.59,3.48,2.85,2.85,2.53,4.3,3.37,2.9,2.83,51.96,5.2m,9.99
Robertson,Liverpool,D,2.23,4.56,3.2,0,3.79,2.36,3.24,3.4,4.81,2.96,4.21,3.27,3.4,3.33,2.73,4.22,51.71,6.4m,8.08
Trafford,Burnley,GK,3.58,2.98,3.05,3.29,3.48,3.15,3.4,2.97,3.5,3.1,3.12,3.46,2.97,3.13,2.91,3.61,51.69,4.5m,11.49
Hojlund,Man Utd,F,3.81,2.92,3.66,3.49,2.38,3.4,4.02,3.01,2.72,2.98,3.28,3.11,3.66,2.98,2.73,2.91,51.05,6.8m,7.51
Mac Allister,Liverpool,M,2.81,4.19,3.17,0,3.49,2.72,3.13,3.46,4.22,3.04,3.62,3.15,3.24,3.33,2.92,3.73,50.22,5.8m,8.66
Richarlison,Tottenham,M,3.87,3.74,3.94,0,3.61,2.88,3.09,4.24,3.15,3.87,2.75,2.51,2.69,2.53,3.73,3.56,50.15,7m,7.16
Dubravka,Newcastle,GK,4.28,3.58,3.68,2.8,3.41,2.73,3.05,3.11,3.08,2.82,2.79,2.68,3.4,3.01,2.77,2.77,49.95,4.2m,11.89
Doucoure (Abdoulaye),Everton,M,0.68,2.25,3.54,2.88,3.62,2.91,2.94,3.31,2.76,3.87,2.73,3.92,3.52,3.74,4.26,2.42,49.38,5.5m,8.98
Botman,Newcastle,D,4.62,3.28,3.55,1.78,3.6,2.32,3.09,3.36,3.26,2.7,2.66,2.38,3.97,3.15,2.69,2.66,49.07,4.5m,10.9
Gibbs-White,Nottingham Forest,M,3.24,3.04,3.42,2.65,2.78,2.75,3.5,3.32,3.3,2.63,3.46,2.82,2.42,3.45,2.93,3.15,48.88,5.7m,8.57
Almiron,Newcastle,M,3.84,3.06,3.39,2.3,3.33,2.6,2.85,3.24,3.12,2.79,2.92,2.7,3.69,3.04,3.04,2.81,48.72,6.2m,7.86
Virgil,Liverpool,D,2.2,4.35,3.07,0,3.61,2.23,3.08,3.15,4.48,2.76,3.97,3.06,3.16,3.07,2.52,3.9,48.61,6.3m,7.72
Jensen,Brentford,M,2.39,3.07,4.73,2.77,2.79,2.21,2.99,3,2.98,2.55,3.73,3.33,2.82,3.17,3.01,2.89,48.43,5.4m,8.97
McGinn,Aston Villa,M,3.76,3.17,2.89,3.56,3.4,2.98,2.89,3.33,2.15,3.16,2.27,3.4,2.85,2.64,2.69,2.8,47.95,5.5m,8.72
Bruno Guimaraes,Newcastle,M,3.83,3,3.35,2.23,3.28,2.5,2.8,3.19,3.08,2.73,2.87,2.62,3.64,2.97,2.97,2.73,47.79,5.8m,8.24
Elanga,Nottingham Forest,M,3.21,2.97,3.32,2.61,2.73,2.7,3.39,3.21,3.2,2.59,3.35,2.76,2.38,3.36,2.85,3.06,47.7,5.1m,9.35
Andreas,Fulham,M,3.61,3.91,3,2.66,3.03,2.87,2.87,3.24,3,2.81,2.76,2.63,3.09,2.67,2.27,3.21,47.63,5.3m,8.99
Udogie,Tottenham,D,3.11,3.11,3.98,0,3.91,2.35,2.91,4.65,3.01,4.15,2.35,2.02,2.42,1.65,4.08,3.81,47.53,4.8m,9.9
Joao Pedro,Brighton,F,4.25,2.96,3.58,3.27,2.88,3.57,2.36,2.4,2.75,2.48,2.97,2.78,2.97,2.85,2.44,2.94,47.44,5.5m,8.63
Son,Tottenham,M,0,2.1,2.86,0,3.05,2.62,2.95,4.39,3.34,4.17,3.06,2.85,3.14,3.03,4.62,4.52,46.68,9.7m,4.81
Burn,Newcastle,D,4.4,3.1,3.36,1.65,3.42,2.17,2.92,3.18,3.09,2.54,2.51,2.23,3.78,2.98,2.53,2.5,46.36,4.4m,10.54
Werner,Tottenham,F,3.73,3.51,3.59,0,3.26,2.72,2.87,3.77,2.91,3.47,2.57,2.36,2.5,2.41,3.32,3.19,46.18,6.5m,7.1
Kaminski,Luton,GK,2.92,3.5,3.05,0,2.98,3.04,3.34,2.88,2.88,3.16,2.9,3.12,2.99,3.13,2.94,3.13,45.96,4.5m,10.21
Garnacho,Man Utd,M,3.59,2.61,3.36,3.18,2.09,3.08,3.68,2.67,2.4,2.61,2.9,2.76,3.3,2.66,2.4,2.52,45.8,4.8m,9.54
Rice,Arsenal,M,2.74,2.82,2.95,2.84,3.13,3.02,2.81,2.19,3.43,2.61,2.84,2.84,2.54,3.17,2.64,2.99,45.58,5.4m,8.44
Shaw,Man Utd,D,3.58,2.13,3.8,3.39,1.24,3.34,4.24,2.63,2.16,2.07,2.84,2.78,3.85,3.01,2.2,2.02,45.26,5.2m,8.7
Luis Diaz,Liverpool,M,2.92,3.97,2.92,0,3.16,2.45,2.81,3.09,3.74,2.71,3.15,2.78,2.85,2.91,2.57,3.22,45.25,7.4m,6.11
Romero,Tottenham,D,2.87,2.89,3.77,0,3.77,2.21,2.78,4.45,2.87,3.98,2.24,1.92,2.32,1.51,3.93,3.67,45.16,4.9m,9.22
Tarkowski,Everton,D,2.73,1.25,3.59,2.02,3.34,2.25,2.02,2.78,2.08,3.74,2.1,3.77,3.2,3.64,4.1,1.56,44.16,4.6m,9.6
Kulusevski,Tottenham,M,3.21,3.17,3.37,0,3.16,2.54,2.74,3.68,2.8,3.4,2.48,2.29,2.45,2.29,3.32,3.18,44.09,7.1m,6.21
Sarabia,Wolves,M,2.34,2.89,2.32,3.48,2.31,2.9,3.17,2.38,2.81,3,2.84,2.34,3.54,2.08,2.96,2.25,43.61,4.7m,9.28
Hamer,Sheffield Utd,M,2.84,3.13,2.82,2.71,2.36,2.79,2.48,2.94,2.22,2.64,2.56,3.24,2.35,3.27,2.54,2.69,43.58,5m,8.72
Mykolenko,Everton,D,2.6,1.26,3.49,2,3.26,2.23,2,2.75,2.08,3.67,2.1,3.71,3.16,3.61,4.04,1.59,43.55,4.6m,9.47
Ake,Man City,D,2.22,2.69,5.19,2.56,2.61,1.77,2.17,2.24,2.54,2.66,3.35,2.17,2.83,3.01,2.56,2.92,43.5,5m,8.7
Scott,Bournemouth,M,3.41,2.56,2.33,2.2,2.79,3.46,2.66,2.86,2.93,3.04,2.77,2.34,2.73,2.06,2.86,2.28,43.28,4.9m,8.83
Konsa,Aston Villa,D,3.52,2.84,2.58,3.63,3.51,2.54,2.61,3.35,1.25,3.09,1.58,3.26,2.64,1.96,1.97,2.87,43.21,4.6m,9.39
Pau,Aston Villa,D,0,3.05,2.78,3.88,3.76,2.77,2.84,3.62,1.42,3.34,1.76,3.56,2.88,2.2,2.21,3.11,43.17,4.6m,9.39
Amdouni,Burnley,F,3.13,2.25,2.36,2.6,3.18,2.63,2.9,2.32,3.03,2.51,2.76,3,2.43,2.59,2.33,3.14,43.17,5.3m,8.14
Odobert,Burnley,M,3.14,2.2,2.34,2.61,3.2,2.62,2.92,2.29,3.06,2.49,2.75,3.02,2.4,2.59,2.29,3.19,43.1,5m,8.62
Adebayo,Luton,F,2.76,3.75,2.97,0,2.83,2.69,3.36,2.48,2.26,3.28,2.12,2.98,2.75,2.94,2.71,2.98,42.86,4.8m,8.93
Pinnock,Brentford,D,1.81,2.91,3.13,2.55,2.62,1.52,2.96,2.73,2.48,1.96,3.85,3.45,2.49,3.05,2.64,2.55,42.7,4.6m,9.28
Grealish,Man City,M,2.38,2.64,5.11,2.56,2.6,2.08,2.31,2.21,2.53,2.39,3.13,2.23,2.6,2.79,2.39,2.74,42.69,7.2m,5.93
M.Lemina,Wolves,M,2.47,2.94,2.32,3.44,2.3,2.88,3.07,2.29,2.73,2.91,2.73,2.29,3.37,1.94,2.88,2.09,42.65,4.9m,8.7
Ayew (Jordan),Crystal Palace,M,2.61,2.64,2.52,3.12,2.36,3.39,2.63,2.77,2.7,2.22,2.18,2.93,2.52,2.75,2.63,2.65,42.63,5.4m,7.89
Alex Moreno,Aston Villa,D,3.26,2.7,2.46,3.4,3.3,2.52,2.56,3.24,1.36,3.01,1.65,3.26,2.62,2.09,2.11,2.79,42.33,5.1m,8.3
Hee Chan,Wolves,M,0,1.97,2.04,3.11,2.21,2.83,3.19,2.53,3,3.25,3.12,2.59,4.03,2.32,3.44,2.6,42.21,5.6m,7.54
Cairney,Fulham,M,3.29,3.42,2.65,2.37,2.64,2.53,2.51,2.8,2.61,2.46,2.41,2.3,2.67,2.34,2.02,2.75,41.77,4.9m,8.52
Garner,Everton,M,2.71,1.99,2.81,2.36,2.84,2.38,2.39,2.62,2.28,2.98,2.26,3.01,2.75,2.89,3.21,2.07,41.55,4.9m,8.48
Foster,Burnley,F,2.99,2.2,2.28,2.48,3.05,2.53,2.78,2.24,2.89,2.41,2.67,2.87,2.35,2.49,2.26,3,41.51,4.7m,8.83
Enzo,Chelsea,M,3.42,2.72,2.1,0,2.63,2.73,2.17,3.16,2.84,3.04,2.9,2.47,2.41,2.97,2.82,3.11,41.5,4.8m,8.64
Semenyo,Bournemouth,F,3.25,2.45,2.26,2.12,2.64,3.26,2.54,2.7,2.72,2.85,2.66,2.29,2.67,2.01,2.72,2.21,41.35,4.5m,9.19
J.Palhinha,Fulham,M,2.76,3.11,2.56,2.29,2.58,2.51,2.51,2.82,2.63,2.51,2.44,2.32,2.81,2.39,2.1,2.86,41.19,5m,8.24
Andersen,Crystal Palace,D,2,2.64,2.45,3.54,1.88,4.02,2.56,2.96,2.61,1.68,1.29,3.14,2.45,2.73,2.7,2.51,41.16,4.8m,8.57
Norgaard,Brentford,M,2.19,2.61,4.12,2.37,2.41,1.91,2.52,2.53,2.5,2.15,3.08,2.74,2.35,2.64,2.47,2.42,41.04,5.3m,7.74
Dunk,Brighton,D,3.62,1.91,3.37,3.1,2.48,3.61,1.67,1.29,2.46,2.02,2.97,2.61,2.64,2.55,1.94,2.76,41,5m,8.2
Akanji,Man City,D,2.32,2.62,5,2.43,2.48,1.61,2,2.09,2.36,2.5,3.13,1.97,2.62,2.78,2.34,2.68,40.92,4.9m,8.35
Janelt,Brentford,M,2.22,2.59,4.19,2.37,2.39,1.97,2.5,2.5,2.46,2.18,2.98,2.7,2.36,2.59,2.46,2.4,40.86,5.3m,7.71
T.Silva,Chelsea,D,3.74,2.98,1.43,0,2.58,2.66,1.69,3.41,2.79,3.24,3.02,1.99,2.04,3.05,2.95,3.1,40.66,5m,8.13
Tielemans,Aston Villa,M,3.12,2.61,2.41,2.91,2.81,2.49,2.43,2.77,1.88,2.64,1.97,2.84,2.41,2.26,2.3,2.39,40.23,5.6m,7.18
McAtee,Sheffield Utd,M,2.71,2.85,2.62,2.51,2.22,2.57,2.32,2.66,2.12,2.43,2.37,2.89,2.2,2.91,2.33,2.46,40.17,4.4m,9.13
Havertz,Arsenal,M,2.39,2.41,2.54,2.44,2.78,2.66,2.42,1.8,3.17,2.3,2.52,2.49,2.22,2.93,2.32,2.67,40.08,7.1m,5.64
Wood,Nottingham Forest,F,2.66,2.48,2.72,2.18,2.28,2.27,2.8,2.66,2.67,2.2,2.8,2.33,2.02,2.83,2.42,2.61,39.92,5m,7.98
Christie,Bournemouth,M,3.08,2.38,2.2,2.09,2.55,3.09,2.45,2.6,2.66,2.75,2.53,2.2,2.5,1.98,2.61,2.15,39.83,5m,7.97
Brereton Diaz,Sheffield Utd,M,2.01,2.83,2.58,2.49,2.19,2.57,2.31,2.7,2.09,2.45,2.39,2.98,2.21,3.01,2.37,2.51,39.68,5m,7.94
Mee,Brentford,D,1.75,2.75,2.92,2.36,2.43,1.38,2.73,2.53,2.31,1.8,3.57,3.17,2.3,2.82,2.43,2.34,39.62,4.8m,8.25
Gvardiol,Man City,D,2.14,2.49,4.78,2.33,2.38,1.56,1.94,2.03,2.29,2.43,3.03,1.93,2.55,2.71,2.3,2.61,39.5,4.8m,8.23
Mitchell,Crystal Palace,D,1.9,2.54,2.35,3.37,1.8,3.84,2.45,2.84,2.49,1.63,1.23,3,2.36,2.61,2.6,2.4,39.42,4.6m,8.57
Gallagher,Chelsea,M,3.17,2.57,1.95,0,2.48,2.59,2.04,3.02,2.7,2.9,2.78,2.34,2.29,2.85,2.7,2.98,39.35,5.4m,7.29
Ruben,Man City,D,2.01,2.43,4.69,2.3,2.35,1.57,1.94,2.03,2.29,2.43,3.02,1.94,2.56,2.72,2.31,2.63,39.21,5.5m,7.13
R.Varane,Man Utd,D,3.36,1.93,3.31,2.92,1.18,2.84,3.54,2.26,1.88,1.76,2.39,2.32,3.16,2.54,1.86,1.72,39,4.9m,7.96
Guehi,Crystal Palace,D,1.87,2.49,2.32,3.31,1.78,3.76,2.41,2.8,2.45,1.61,1.22,2.94,2.33,2.57,2.56,2.36,38.78,4.4m,8.81
Dawson,Wolves,D,1.8,2.85,1.64,3.71,1.73,2.86,3.04,1.7,2.73,2.95,2.76,1.84,3.86,0.97,3.19,1.13,38.77,4.5m,8.61
Jacob Ramsey,Aston Villa,M,2.65,2.4,2.24,2.75,2.67,2.39,2.35,2.72,1.82,2.61,1.93,2.84,2.41,2.26,2.31,2.41,38.75,5.9m,6.57
Lerma,Crystal Palace,M,2.36,2.4,2.3,2.79,2.16,3.01,2.39,2.51,2.43,2.06,2,2.63,2.3,2.48,2.39,2.4,38.61,4.7m,8.21
Brownhill,Burnley,M,2.65,2.05,2.17,2.36,2.74,2.35,2.57,2.14,2.67,2.28,2.44,2.64,2.21,2.35,2.13,2.78,38.53,4.7m,8.2
Casemiro,Man Utd,M,3.45,2.29,2.89,2.72,1.82,2.59,3.01,2.21,2,2.14,2.34,2.24,2.63,2.16,1.95,2,38.44,5.3m,7.25
Zouma,West Ham,D,2.06,1.93,2.86,2.88,2.27,3.36,2.35,1.81,2.26,2.56,2.91,2.63,1.71,1.86,3.82,1.06,38.35,4.5m,8.52
Branthwaite,Everton,D,2.28,1,3.17,1.68,2.91,1.92,1.7,2.4,1.78,3.31,1.81,3.34,2.83,3.23,3.63,1.33,38.31,4.1m,9.34
Collins,Brentford,D,1.66,2.65,2.74,2.3,2.37,1.32,2.67,2.46,2.21,1.72,3.48,3.11,2.22,2.75,2.34,2.28,38.29,4.5m,8.51
Dalot,Man Utd,D,2.93,1.82,3.17,2.84,1.11,2.8,3.52,2.24,1.85,1.78,2.42,2.36,3.24,2.56,1.89,1.75,38.28,5.1m,7.51
De Cordova-Reid,Fulham,M,3.56,3.46,2.53,2.2,2.46,2.31,2.28,2.5,2.32,2.17,2.11,2,2.31,2,1.71,2.34,38.25,5.3m,7.22
Van de Ven,Tottenham,D,2.58,2.43,3.16,0,3.18,1.9,2.37,3.67,2.44,3.29,1.93,1.66,1.99,1.32,3.25,3.05,38.21,4.4m,8.68
Lucas Paqueta,West Ham,M,1.14,0,0.63,1.79,2.4,3.45,2.96,2.54,2.95,2.94,3.22,2.84,2.73,2.53,3.9,2.14,38.13,6m,6.36
Kilman,Wolves,D,1.84,2.81,1.63,3.62,1.73,2.81,2.95,1.68,2.69,2.87,2.71,1.81,3.74,0.98,3.12,1.11,38.1,4.5m,8.47
Martinez,Man Utd,D,2.91,1.76,3.19,2.84,1.02,2.81,3.55,2.22,1.83,1.69,2.37,2.34,3.27,2.6,1.87,1.66,37.95,4.7m,8.07
Konate,Liverpool,D,1.69,3.46,2.4,0,2.84,1.71,2.4,2.4,3.53,2.1,3.17,2.36,2.43,2.35,1.89,3.06,37.79,4.9m,7.71
Senesi,Bournemouth,D,3.41,2.11,1.61,1.34,2.62,3.64,2.35,2.71,3.06,3.14,2.4,1.57,2.16,1.12,2.72,1.63,37.61,4.5m,8.36
Mitoma,Brighton,M,0,1.46,2.3,2.27,2.13,2.82,1.96,2.13,2.53,2.33,2.91,2.79,3.04,3,2.6,3.25,37.52,6.4m,5.86
Berge,Burnley,M,2.61,1.92,2.1,2.29,2.7,2.27,2.53,2.04,2.64,2.2,2.38,2.59,2.12,2.3,2.03,2.76,37.47,4.7m,7.97
Diaby,Aston Villa,M,2.85,2.31,2.13,2.64,2.56,2.27,2.22,2.58,1.68,2.46,1.78,2.72,2.24,2.13,2.18,2.22,36.97,6.5m,5.69
Soucek,West Ham,M,2.82,2.27,2.62,2.59,2.24,2.67,2.29,2,2.23,2.22,2.37,2.14,2.03,1.91,2.67,1.67,36.74,4.9m,7.5
Jimenez,Fulham,F,0,0,2.01,2.37,2.74,2.59,2.63,2.97,2.77,2.62,2.59,2.52,2.88,2.55,2.18,3.05,36.47,5.2m,7.01
Colwill,Chelsea,D,0,2.79,1.39,0,2.49,2.57,1.66,3.34,2.75,3.2,2.98,2,2.04,3.06,2.96,3.14,36.37,4.7m,7.74
McBurnie,Sheffield Utd,F,2.55,2.56,2.37,2.23,1.92,2.33,2.05,2.43,1.82,2.17,2.11,2.7,1.93,2.73,2.08,2.24,36.22,5.4m,6.71
Ait-Nouri,Wolves,D,1.79,2.7,1.55,3.48,1.63,2.67,2.83,1.59,2.53,2.72,2.54,1.7,3.53,0.93,2.91,1.06,36.16,4.5m,8.04
Barkley,Luton,M,2.24,3.04,2.47,0,2.37,2.31,2.8,2.11,1.98,2.72,1.88,2.53,2.35,2.52,2.31,2.54,36.15,4.9m,7.38
Robinson,Fulham,D,2.75,2.96,2.14,1.78,2.04,2.28,2.04,2.77,2.48,2.13,2.1,1.54,2.85,2.02,1.37,2.88,36.14,4.4m,8.21
Morris,Luton,F,2.43,3.08,2.49,0,2.37,2.28,2.77,2.1,1.99,2.7,1.87,2.48,2.3,2.45,2.26,2.47,36.03,5m,7.21
Awoniyi,Nottingham Forest,F,2.78,2.32,2.52,1.98,2.07,2.04,2.5,2.34,2.35,1.91,2.44,2.01,1.72,2.43,2.06,2.21,35.66,6.3m,5.66
Mateta,Crystal Palace,F,2.18,2.11,2.06,2.49,2,2.71,2.19,2.31,2.29,1.9,1.92,2.45,2.15,2.33,2.24,2.27,35.6,4.9m,7.26
Welbeck,Brighton,F,3.24,2.26,2.62,2.41,2.15,2.6,1.8,1.83,2.06,1.88,2.21,2.08,2.2,2.12,1.85,2.18,35.49,5.7m,6.23
Doughty,Luton,D,1.62,3.89,2.46,0,2.19,2.48,3.45,1.49,1.07,3.05,0.73,2.8,2.4,2.79,2.19,2.83,35.44,4.5m,7.88
Townsend,Luton,M,2.23,2.95,2.38,0,2.28,2.24,2.71,2.04,1.93,2.63,1.83,2.45,2.27,2.43,2.23,2.45,35.04,5m,7.01
Edouard,Crystal Palace,F,2.24,2.09,2.03,2.46,1.96,2.67,2.15,2.27,2.24,1.86,1.87,2.4,2.1,2.28,2.18,2.21,35,5.4m,6.48
Emerson,West Ham,D,1.86,1.76,2.64,2.67,2.06,3.11,2.15,1.62,2.07,2.33,2.68,2.4,1.54,1.66,3.56,0.9,34.99,4.6m,7.61
Longstaff (Sean),Newcastle,M,3.51,2.35,2.54,1.81,2.44,1.95,2.07,2.23,2.15,1.94,1.99,1.84,2.38,1.99,1.98,1.84,34.99,4.8m,7.29
N.Semedo,Wolves,D,1.61,2.56,1.44,3.32,1.55,2.58,2.71,1.51,2.47,2.65,2.49,1.66,3.48,0.86,2.91,0.97,34.77,4.5m,7.73
Coufal,West Ham,D,1.84,1.75,2.62,2.65,2.04,3.09,2.14,1.6,2.05,2.31,2.66,2.38,1.53,1.65,3.53,0.88,34.74,4.6m,7.55
Reguilon,Brentford,D,1.66,2.49,2.58,2.08,2.13,1.19,2.38,2.21,2.01,1.54,3.1,2.72,1.98,2.42,2.08,2.01,34.58,4.4m,7.86
Cook (Lewis),Bournemouth,M,2.66,2.06,1.92,1.85,2.21,2.63,2.12,2.26,2.32,2.36,2.19,1.91,2.15,1.74,2.26,1.88,34.51,5m,6.9
Ferguson (Evan),Brighton,F,2.92,2.12,2.48,2.29,2.05,2.51,1.73,1.76,2.01,1.83,2.17,2.05,2.18,2.11,1.83,2.19,34.25,5.8m,5.9
Diego Carlos,Aston Villa,D,3.13,2.28,2.06,2.86,2.75,2.01,2.05,2.58,1.02,2.38,1.26,2.49,2.03,1.53,1.53,2.19,34.16,4.4m,7.76
Young,Everton,D,2.02,0.89,2.78,1.48,2.56,1.69,1.5,2.12,1.57,2.92,1.6,2.95,2.5,2.85,3.22,1.17,33.82,4.4m,7.69
Hudson-Odoi,Nottingham Forest,M,2.62,2.22,2.39,1.91,1.97,1.93,2.36,2.23,2.21,1.82,2.28,1.91,1.68,2.25,1.95,2.06,33.8,4.7m,7.19
Kamara,Aston Villa,M,2.45,2.16,2.01,2.38,2.28,2.06,2.02,2.27,1.64,2.18,1.71,2.28,2.03,1.86,1.91,2.02,33.27,5m,6.65
Castagne,Fulham,D,2.54,2.79,1.94,1.64,1.87,2.05,1.86,2.48,2.24,1.94,1.93,1.49,2.53,1.88,1.33,2.6,33.11,4.5m,7.36
Chilwell,Chelsea,D,3.7,2.46,1.29,0,2.11,2.15,1.4,2.66,2.2,2.51,2.32,1.62,1.62,2.33,2.21,2.38,32.96,5.4m,6.1
Turner,Nottingham Forest,GK,2.16,2.06,2.16,1.94,1.95,1.92,2.24,2.21,2.1,1.89,2.16,1.95,1.89,2.13,1.98,2.03,32.76,3.9m,8.4
Eriksen,Man Utd,M,2.11,1.82,2.29,2.19,1.55,2.16,2.53,1.96,1.8,1.92,2.13,2.05,2.42,2.03,1.85,1.93,32.72,5.8m,5.64
Dominguez,Nottingham Forest,M,2.53,2.15,2.32,1.84,1.89,1.85,2.29,2.18,2.14,1.75,2.21,1.85,1.62,2.17,1.89,2,32.66,5m,6.53
Gakpo,Liverpool,F,2.32,2.75,2.07,0,2.21,1.82,2.02,2.22,2.56,1.99,2.2,2.02,2.07,2.12,1.92,2.28,32.57,7.2m,4.52
Bellegarde,Wolves,M,2.07,2.23,1.83,2.54,1.81,2.15,2.28,1.8,2.05,2.15,2.05,1.76,2.43,1.64,2.1,1.67,32.54,4.9m,6.64
Alvarez,West Ham,M,1.83,1.88,2.11,2.16,1.92,2.3,2.02,1.82,2.02,2.02,2.19,2.02,1.9,1.83,2.5,1.64,32.16,5m,6.43
Gudmundsson,Burnley,M,2.34,1.72,1.81,1.96,2.31,1.96,2.15,1.76,2.22,1.88,2.04,2.19,1.82,1.94,1.75,2.29,32.14,4.8m,6.7
Tosin,Fulham,D,2.92,2.8,1.97,1.64,1.83,2.03,1.8,2.38,2.13,1.84,1.8,1.34,2.37,1.71,1.2,2.36,32.13,4.3m,7.47
Vini Souza,Sheffield Utd,M,2.09,2.19,2.01,2,1.86,2.01,1.89,2.1,1.76,1.98,1.93,2.24,1.84,2.25,1.93,1.97,32.06,5m,6.41
Danilo,Nottingham Forest,M,2.58,2.15,2.3,1.84,1.88,1.83,2.24,2.12,2.08,1.71,2.14,1.79,1.59,2.08,1.82,1.91,32.06,5.3m,6.05
Petrovic,Chelsea,GK,4.09,2.35,1.83,0,2.07,2.06,1.75,2.26,2.01,2.17,2.06,1.72,1.7,2.01,1.97,1.99,32.04,4.5m,7.12
Toti,Wolves,D,1.69,2.41,1.38,3.06,1.46,2.36,2.46,1.4,2.22,2.37,2.22,1.5,3.04,0.85,2.54,0.93,31.88,4.4m,7.25
Ward (Joel),Crystal Palace,D,0,2.13,1.97,2.84,1.5,3.24,2.07,2.41,2.1,1.38,1,2.56,2.01,2.23,2.22,2.05,31.7,4.5m,7.05
Henderson (Dean),Crystal Palace,GK,2.09,2.02,1.94,2.27,1.79,2.44,1.94,2.04,1.93,1.74,1.68,2.08,1.88,1.95,1.94,1.88,31.61,4.4m,7.18
Beyer,Burnley,D,1.94,0.79,1.48,2.18,2.6,1.91,2.44,1.44,2.69,1.84,1.88,2.64,1.54,1.96,1.27,2.96,31.56,4m,7.89
Joao Gomes,Wolves,M,1.7,2.05,1.73,2.33,1.74,2.07,2.18,1.78,2.02,2.13,2.04,1.82,2.42,1.64,2.17,1.7,31.52,4.9m,6.43
Hinshelwood,Brighton,M,3.34,2.06,2.43,2.22,1.95,2.34,1.61,1.55,1.79,1.64,1.9,1.78,1.83,1.77,1.53,1.79,31.52,4.5m,7
Ogbene,Luton,F,2.27,2.63,2.18,0,2.08,2,2.35,1.86,1.81,2.29,1.72,2.12,1.98,2.08,1.95,2.09,31.4,4.9m,6.41
Trossard,Arsenal,M,1.75,1.84,1.93,1.86,2.12,2.04,1.87,1.44,2.43,1.81,1.97,1.96,1.77,2.28,1.85,2.1,31.02,6.5m,4.77
James (Reece),Chelsea,D,0,2.29,1.24,0,2.08,2.16,1.42,2.79,2.33,2.67,2.5,1.76,1.77,2.59,2.48,2.7,30.77,5.3m,5.8
Ahmedhodzic,Sheffield Utd,D,1.92,2.79,1.83,2.01,1.36,1.93,1.47,2.4,0.69,1.9,1.74,2.93,1.28,2.95,1.74,1.78,30.73,4.3m,7.15
Ream,Fulham,D,3.02,2.79,1.92,1.57,1.76,1.92,1.71,2.23,1.99,1.71,1.67,1.25,2.18,1.57,1.09,2.15,30.54,4.5m,6.79
Schlupp,Crystal Palace,M,2.3,1.98,1.9,2.22,1.77,2.33,1.88,1.93,1.88,1.62,1.58,1.97,1.75,1.85,1.79,1.78,30.53,4.9m,6.23
Van Hecke,Brighton,D,3.27,1.5,2.55,2.32,1.85,2.62,1.24,0.94,1.77,1.46,2.09,1.84,1.83,1.76,1.36,1.88,30.28,4m,7.57
Disasi,Chelsea,D,3.47,2.35,1.14,0,1.96,1.99,1.27,2.45,2.01,2.3,2.14,1.42,1.44,2.12,2.03,2.12,30.19,4.9m,6.16
Onana,Everton,M,1.79,1.44,1.96,1.69,2,1.73,1.74,1.91,1.7,2.16,1.7,2.2,2.04,2.14,2.36,1.6,30.16,4.7m,6.42
Caicedo,Chelsea,M,2.34,2.01,1.66,0,1.93,1.98,1.7,2.21,2.04,2.14,2.09,1.82,1.81,2.12,2.05,2.17,30.05,4.5m,6.68
Steele,Brighton,GK,2.11,1.71,2.08,2.01,1.84,2.15,1.68,1.65,1.84,1.74,1.98,1.87,1.88,1.85,1.72,1.91,30,4.2m,7.14
Zabarnyi,Bournemouth,D,2.66,1.69,1.27,1.06,2.11,2.87,1.9,2.18,2.53,2.55,1.89,1.22,1.64,0.9,2.19,1.32,29.98,4.4m,6.81
Taylor,Burnley,D,0.94,0.81,1.45,2.12,2.49,1.86,2.34,1.43,2.58,1.8,1.81,2.54,1.51,1.9,1.26,2.83,29.66,4m,7.41
Bissouma,Tottenham,M,0,1.77,2.31,0,2.27,1.86,2,2.56,2.05,2.42,1.87,1.82,1.93,1.74,2.42,2.3,29.33,5m,5.87
Kelly,Bournemouth,D,2.5,1.63,1.25,1.06,2.04,2.76,1.85,2.12,2.43,2.48,1.86,1.24,1.65,0.92,2.15,1.33,29.27,4.5m,6.51
Murillo,Nottingham Forest,D,2.04,1.82,2.26,1.27,1.17,1.18,2.48,2.41,2.11,1.14,2.32,1.6,1.03,2.25,1.72,1.97,28.78,4.5m,6.4
Verbruggen,Brighton,GK,2,1.62,1.95,1.89,1.74,2.02,1.61,1.57,1.74,1.66,1.86,1.78,1.77,1.75,1.63,1.8,28.4,4.4m,6.45
Sambi,Luton,M,1.9,2.41,2.03,0,1.96,1.93,2.25,1.77,0,2.18,1.63,2.07,1.94,2.06,1.9,2.08,28.1,4.9m,5.73
Muniz,Fulham,F,3.22,2.82,2.01,1.74,1.87,1.71,1.68,1.72,1.6,1.51,1.44,1.38,1.47,1.3,1.13,1.41,28.03,4.4m,6.37
Jones (Curtis),Liverpool,M,2.41,2.62,1.97,0,2.02,1.64,1.78,1.84,2.13,1.64,1.84,1.63,1.63,1.64,1.47,1.74,27.99,4.9m,5.71
Adingra,Brighton,M,0,1.08,1.66,1.66,1.58,2.04,1.49,1.61,1.89,1.77,2.16,2.09,2.25,2.23,1.97,2.41,27.89,5m,5.58
O'Shea,Burnley,D,2.43,0.77,1.35,1.94,2.23,1.68,2.08,1.27,2.25,1.59,1.58,2.19,1.32,1.63,1.1,2.39,27.78,4.4m,6.31
Johnson (Brennan),Tottenham,M,2.8,2.22,2.24,0,2.03,1.65,1.73,2.19,1.7,2,1.49,1.37,1.43,1.34,1.83,1.74,27.75,5.8m,4.78
Iwobi,Fulham,M,0,1.62,1.42,1.34,1.58,1.62,1.7,2.05,1.96,1.89,1.92,1.89,2.23,2.02,1.79,2.47,27.52,5.3m,5.19
Phillips (Kalvin),West Ham,M,1.93,1.71,1.88,1.86,1.66,1.91,1.69,1.52,1.66,1.66,1.76,1.63,1.54,1.49,1.95,1.34,27.18,4.7m,5.78
Bentancur,Tottenham,M,2.36,2.02,2.09,0,1.94,1.58,1.67,2.15,1.68,1.99,1.5,1.41,1.48,1.37,1.89,1.8,26.93,5.4m,4.99
Bogle,Sheffield Utd,D,1.85,2.42,1.62,1.75,1.22,1.67,1.29,2.02,0.65,1.62,1.49,2.41,1.12,2.41,1.47,1.5,26.52,4.5m,5.89
Billing,Bournemouth,M,1.89,1.49,1.4,1.34,1.65,2.02,1.62,1.74,1.78,1.85,1.72,1.5,1.72,1.36,1.8,1.49,26.38,5.2m,5.07
Vitinho,Burnley,D,2.37,0.77,1.3,1.85,2.09,1.6,1.95,1.23,2.09,1.51,1.48,2.03,1.25,1.53,1.05,2.19,26.3,4.4m,5.98
Brooks,Sheffield Utd,M,2.03,1.87,1.72,1.67,1.53,1.66,1.54,1.7,1.41,1.58,1.53,1.78,1.44,1.77,1.49,1.54,26.24,4.4m,5.96
B.Badiashile,Chelsea,D,3.4,2.12,1.08,0,1.73,1.73,1.13,2.06,1.7,1.93,1.78,1.22,1.22,1.73,1.65,1.72,26.2,4.4m,5.95
Sinisterra,Bournemouth,M,2.22,1.52,1.4,1.32,1.65,2.05,1.59,1.7,1.73,1.81,1.67,1.44,1.67,1.27,1.72,1.4,26.17,5.5m,4.76
Osula,Sheffield Utd,F,1.84,1.74,1.67,1.6,1.46,1.65,1.51,1.69,1.41,1.57,1.54,1.82,1.46,1.83,1.52,1.61,25.91,4.3m,6.03
Nketiah,Arsenal,F,1.19,1.44,1.52,1.51,1.7,1.67,1.55,1.25,2.02,1.56,1.69,1.67,1.54,1.97,1.62,1.83,25.72,5.2m,4.95
Foderingham,Sheffield Utd,GK,3.14,2.42,1.64,1.61,1.48,1.52,1.41,1.51,1.31,1.39,1.34,1.54,1.24,1.5,1.25,1.25,25.55,4.5m,5.68
Grbic,Sheffield Utd,GK,0,1.05,1.56,1.6,1.57,1.65,1.62,1.81,1.67,1.74,1.73,1.99,1.71,2.03,1.78,1.82,25.34,4.5m,5.63
Wilson (Harry),Fulham,M,0,0,1.36,1.64,1.86,1.79,1.81,2.04,1.91,1.81,1.8,1.74,2,1.78,1.56,2.11,25.19,5.3m,4.75
Mangala,Nottingham Forest,M,2.01,1.7,1.77,1.48,1.5,1.45,1.7,1.65,1.61,1.37,1.64,1.43,1.32,1.58,1.45,1.49,25.17,5m,5.03
Lenglet,Aston Villa,D,3.45,1.91,1.68,2.2,2.06,1.5,1.48,1.72,0.76,1.55,0.86,1.54,1.24,0.95,0.93,1.23,25.08,4.5m,5.57
Sanchez (Robert),Chelsea,GK,0,1.58,1.31,0,1.62,1.69,1.48,2.04,1.84,2.01,1.96,1.66,1.68,2.03,2.02,2.08,25,4.5m,5.55
Maupay,Brentford,F,2.49,2.18,3.14,1.69,1.62,1.29,1.57,1.49,1.48,1.26,1.66,1.43,0,1.31,1.23,1.15,24.99,4.9m,5.1
Cash,Aston Villa,D,2.24,1.59,1.45,1.97,1.91,1.48,1.49,1.86,0.84,1.73,1,1.86,1.51,1.22,1.24,1.6,24.99,4.7m,5.32
Lallana,Brighton,M,2.14,1.53,1.77,1.65,1.49,1.78,1.3,1.29,1.47,1.37,1.57,1.5,1.55,1.52,1.35,1.56,24.84,4.9m,5.07
Mainoo,Man Utd,M,1.9,1.48,1.78,1.69,1.26,1.64,1.83,1.47,1.37,1.42,1.54,1.5,1.71,1.49,1.37,1.38,24.83,4.4m,5.64
Sarr,Tottenham,M,0,1.09,1.46,0,1.6,1.43,1.58,2.17,1.77,2.11,1.69,1.64,1.77,1.69,2.33,2.28,24.62,4.4m,5.6
Kluivert,Bournemouth,M,1.75,1.4,1.32,1.27,1.54,1.85,1.51,1.62,1.65,1.71,1.6,1.41,1.61,1.29,1.68,1.41,24.62,4.6m,5.35
N.Aguerd,West Ham,D,0,1,1.6,1.66,1.41,2.05,1.57,1.31,1.61,1.81,2.09,1.93,1.34,1.44,2.92,0.86,24.59,4.4m,5.59
Antony,Man Utd,M,1.78,1.42,1.75,1.66,1.19,1.62,1.87,1.45,1.33,1.42,1.56,1.5,1.75,1.47,1.35,1.41,24.54,6.8m,3.61
Tete,Fulham,D,1.77,2.08,1.38,1.16,1.34,1.47,1.36,1.81,1.64,1.45,1.44,1.13,1.91,1.42,1.03,1.98,24.37,4.4m,5.54
McTominay,Man Utd,M,1.51,1.37,1.68,1.61,1.19,1.59,1.84,1.46,1.36,1.44,1.58,1.54,1.79,1.52,1.41,1.46,24.34,4.6m,5.29
Mavropanos,West Ham,D,1.88,1.44,2,1.93,1.5,2.07,1.48,1.13,1.36,1.5,1.65,1.48,1.02,1.07,1.97,0.67,24.14,4.5m,5.36
Toffolo,Nottingham Forest,D,2.15,1.66,1.95,1.16,1.11,1.1,1.99,1.86,1.68,1.01,1.8,1.27,0.88,1.71,1.32,1.48,24.12,4.4m,5.48
Miley,Newcastle,M,3.72,1.93,2.01,1.41,1.81,1.45,1.42,1.39,1.31,1.16,1.14,1.01,1.23,1.01,0.96,0.87,23.81,4.5m,5.29
Smith Rowe,Arsenal,M,1.72,1.49,1.54,1.47,1.62,1.55,1.42,1.1,1.75,1.33,1.42,1.4,1.26,1.58,1.3,1.45,23.4,5.3m,4.41
Yates,Nottingham Forest,M,1.6,1.49,1.56,1.32,1.35,1.33,1.58,1.55,1.53,1.3,1.58,1.37,1.27,1.56,1.43,1.48,23.3,4.8m,4.85
Willock,Newcastle,M,0,1.59,1.75,1.28,1.75,1.45,1.5,1.64,1.58,1.43,1.47,1.37,1.79,1.52,1.52,1.43,23.07,5.3m,4.35
Gilmour,Brighton,M,1.98,1.42,1.62,1.53,1.38,1.64,1.22,1.19,1.36,1.28,1.45,1.39,1.43,1.4,1.25,1.44,23,4.9m,4.69
Barnes,Newcastle,M,0,1.58,1.77,1.24,1.76,1.43,1.48,1.64,1.57,1.41,1.47,1.35,1.82,1.5,1.52,1.4,22.96,6.2m,3.7
Hughes,Crystal Palace,M,2.03,1.6,1.51,1.72,1.36,1.75,1.42,1.41,1.37,1.2,1.14,1.4,1.24,1.29,1.24,1.22,22.91,4.9m,4.67
Johnstone,Crystal Palace,GK,1.02,1.41,1.38,1.63,1.29,1.78,1.42,1.52,1.44,1.29,1.26,1.58,1.43,1.49,1.49,1.44,22.88,4.5m,5.09
D.D.Fofana,Burnley,F,1.43,1.19,1.24,1.34,1.61,1.39,1.51,1.28,1.59,1.36,1.5,1.6,1.36,1.43,1.32,1.69,22.84,5m,4.57
Gana,Everton,M,1.55,1.14,1.52,1.29,1.52,1.31,1.32,1.42,1.28,1.59,1.28,1.61,1.5,1.56,1.69,1.2,22.79,4.8m,4.75
Mount,Man Utd,M,0.67,1.36,1.7,1.61,1.13,1.56,1.83,1.4,1.28,1.37,1.51,1.45,1.7,1.42,1.29,1.35,22.64,6.8m,3.33
Bell,Luton,D,1.09,2.47,1.56,0,1.37,1.68,2.21,0.91,0.68,1.88,0.43,1.79,1.55,1.8,1.39,1.81,22.63,3.9m,5.8
Gusto,Chelsea,D,2.33,1.62,0.86,0,1.41,1.45,0.95,1.83,1.52,1.74,1.63,1.13,1.15,1.67,1.6,1.71,22.62,4.2m,5.38
Joelinton,Newcastle,M,0,0,0,0,0,0,0.69,1.69,1.9,1.87,2.28,2.31,3.39,2.86,2.89,2.66,22.54,5.8m,3.89
Antonio,West Ham,F,0.63,1.44,1.61,1.56,1.35,1.59,1.42,1.29,1.44,1.42,1.53,1.38,1.39,1.3,1.79,1.17,22.31,5.7m,3.91
Roerslev,Brentford,D,1.23,1.65,1.75,1.33,1.36,0.83,1.5,1.38,1.25,1.01,1.87,1.69,1.3,1.5,1.3,1.26,22.22,4.4m,5.05
Aarons,Bournemouth,D,0,1.37,1.07,0.92,1.68,2.25,1.53,1.74,1.98,2.01,1.54,1.05,1.37,0.8,1.76,1.12,22.18,4.4m,5.04
Patterson,Everton,D,1.91,0.77,1.89,1.1,1.7,1.18,1.06,1.35,1.05,1.74,1.04,1.71,1.46,1.62,1.78,0.79,22.17,4.4m,5.04
Lewis (Rico),Man City,D,1.4,1.44,2.73,1.33,1.34,0.9,1.09,1.11,1.25,1.31,1.62,1.05,1.36,1.43,1.21,1.37,21.95,4.3m,5.1
Buonanotte,Brighton,M,2.73,1.52,1.73,1.57,1.35,1.61,1.11,1.03,1.18,1.09,1.23,1.15,1.16,1.12,0.96,1.11,21.64,4.7m,4.6
Richards (Chris),Crystal Palace,D,1.55,1.58,1.43,1.92,1.07,2.05,1.34,1.47,1.28,0.9,0.69,1.44,1.16,1.24,1.22,1.11,21.45,3.9m,5.5
Reed,Fulham,M,1.65,1.77,1.29,1.15,1.26,1.25,1.25,1.39,1.32,1.27,1.26,1.21,1.4,1.25,1.14,1.45,21.32,4.5m,4.74
Al-Dakhil,Burnley,D,2.03,0.75,1.1,1.46,1.69,1.3,1.55,1.01,1.63,1.2,1.21,1.57,1.02,1.2,0.88,1.66,21.25,3.8m,5.59
Mengi,Luton,D,0.95,2.27,1.45,0,1.29,1.55,2.07,0.86,0.64,1.8,0.41,1.71,1.47,1.72,1.33,1.74,21.25,4m,5.31
M.Tresor,Burnley,M,1.22,1.07,1.14,1.24,1.44,1.27,1.39,1.19,1.46,1.27,1.37,1.48,1.26,1.34,1.23,1.58,20.95,5.3m,3.95
Livramento,Newcastle,D,2.17,1.43,1.53,0.85,1.57,1.09,1.34,1.39,1.35,1.13,1.1,0.99,1.55,1.26,1.08,1.08,20.93,4.3m,4.87
Slimane,Sheffield Utd,M,1.42,1.38,1.3,1.27,1.17,1.3,1.21,1.37,1.13,1.28,1.25,1.49,1.18,1.5,1.25,1.31,20.81,4.7m,4.43
Digne,Aston Villa,D,1.32,1.32,1.22,1.66,1.62,1.25,1.27,1.6,0.72,1.5,0.86,1.6,1.32,1.05,1.06,1.42,20.81,4.6m,4.52
Osho,Luton,D,1.1,2.31,1.45,0,1.27,1.51,1.98,0.84,0.64,1.68,0.43,1.57,1.36,1.56,1.22,1.56,20.47,4.4m,4.65
G.Montiel,Nottingham Forest,D,1.9,1.44,1.7,0.96,0.9,0.88,1.71,1.6,1.42,0.8,1.52,1.05,0.7,1.42,1.09,1.22,20.31,4.4m,4.62
Hickey,Brentford,D,0,1.46,1.45,1.2,1.27,0.71,1.43,1.33,1.19,0.93,1.89,1.7,1.26,1.53,1.28,1.27,19.89,4.4m,4.52
Robinson,Sheffield Utd,D,1.54,1.91,1.2,1.35,0.92,1.24,0.95,1.52,0.42,1.21,1.1,1.79,0.8,1.77,1.07,1.06,19.84,4.4m,4.51
Zaniolo,Aston Villa,M,1.4,1.18,1.11,1.36,1.32,1.2,1.18,1.38,0.95,1.33,1.01,1.45,1.25,1.18,1.21,1.25,19.77,5.4m,3.66
Ansu Fati,Brighton,M,0,0.69,1.59,1.46,1.29,1.65,1.09,1.12,1.31,1.18,1.45,1.36,1.46,1.42,1.21,1.49,19.76,6.4m,3.09
Elliott,Liverpool,M,1.29,1.57,1.18,0,1.28,1.08,1.19,1.3,1.51,1.19,1.35,1.23,1.26,1.28,1.17,1.4,19.28,4.8m,4.02
Ings,West Ham,F,1.6,1.3,1.43,1.35,1.13,1.33,1.16,1.02,1.15,1.13,1.2,1.08,1.07,0.99,1.37,0.87,19.18,5.6m,3.43
Lewis-Potter,Brentford,M,1.58,1.43,2.04,1.1,1.09,0.9,1.12,1.1,1.09,0.96,1.28,1.14,1.07,1.08,1.03,0.99,18.99,4.7m,4.04
Schade,Brentford,M,0,1.34,1.97,1.1,1.11,0.93,1.18,1.2,1.2,1.06,1.46,1.32,1.23,1.28,1.23,1.19,18.79,5.2m,3.61
Kerkez,Bournemouth,D,1.26,1,0.82,0.72,1.26,1.68,1.19,1.37,1.55,1.58,1.24,0.88,1.13,0.7,1.45,0.95,18.78,4.4m,4.27
Trusty,Sheffield Utd,D,1.36,1.77,1.1,1.27,0.87,1.16,0.9,1.45,0.39,1.16,1.06,1.72,0.78,1.71,1.05,1.03,18.76,3.9m,4.81
Madueke,Chelsea,M,1.94,1.25,1,0,1.17,1.19,0.97,1.34,1.22,1.3,1.24,1.08,1.06,1.27,1.21,1.31,18.55,5.3m,3.5
Diop,Fulham,D,0,0,0.95,1.08,1.23,1.37,1.25,1.67,1.52,1.32,1.31,1,1.75,1.29,0.92,1.79,18.45,4.4m,4.19
Kovacic,Man City,M,0.95,1.1,2.17,1.08,1.1,0.93,1.01,1.01,1.1,1.07,1.29,1.01,1.14,1.2,1.08,1.19,18.44,4.7m,3.92
Brown,Luton,F,1.18,1.36,1.17,0,1.16,1.13,1.33,1.1,1.15,1.35,1.1,1.28,1.21,1.29,1.21,1.31,18.34,4.9m,3.74
Baleba,Brighton,M,1.83,1.18,1.32,1.25,1.11,1.31,0.98,0.93,1.06,1,1.12,1.07,1.08,1.07,0.95,1.08,18.32,4.5m,4.07
Williams (Neco),Nottingham Forest,D,1.53,1.22,1.42,0.85,0.81,0.8,1.49,1.42,1.28,0.75,1.38,0.98,0.67,1.32,1.03,1.16,18.12,4.3m,4.21
Mudryk,Chelsea,M,2.12,1.25,0.97,0,1.15,1.16,0.92,1.29,1.16,1.24,1.18,1.02,0.98,1.19,1.13,1.23,17.99,6.3m,2.86
Tomiyasu,Arsenal,D,0,0.7,0.99,0.97,1.21,1.21,1.14,0.76,1.65,1.04,1.29,1.38,1.11,1.62,1.26,1.61,17.93,4.5m,3.99
Danjuma,Everton,M,1.48,0.88,1.17,1.02,1.18,1.01,1.01,1.09,0.96,1.21,0.94,1.21,1.12,1.16,1.28,0.86,17.58,5.2m,3.38
Dahoud,Brighton,M,2.09,1.21,1.34,1.23,1.08,1.27,0.91,0.86,0.98,0.9,1.02,0.96,0.97,0.94,0.83,0.94,17.53,4.8m,3.65
N.Jackson,Chelsea,F,0,0.68,0.74,0,1,1.08,0.92,1.42,1.32,1.43,1.41,1.28,1.28,1.58,1.52,1.75,17.41,6.8m,2.56
Veltman,Brighton,D,0,0.93,1.5,1.39,1.13,1.6,0.81,0.64,1.15,0.97,1.37,1.22,1.23,1.19,0.94,1.29,17.37,4.3m,4.04
Smith (Adam),Bournemouth,D,2.45,1.13,0.87,0.73,1.23,1.58,1.06,1.13,1.25,1.25,0.95,0.66,0.82,0.5,0.97,0.63,17.21,4.4m,3.91
Archer,Sheffield Utd,F,1.2,1.15,1.07,1.04,0.93,1.09,0.99,1.14,0.91,1.05,1.03,1.25,0.97,1.27,1.03,1.09,17.2,4.4m,3.91
Wan-Bissaka,Man Utd,D,1.3,0.85,1.37,1.23,0.57,1.2,1.46,0.99,0.85,0.8,1.05,1.03,1.37,1.12,0.86,0.8,16.86,4.4m,3.83
O.Dango,Bournemouth,M,1.31,0.96,0.91,0.87,1.05,1.26,1.03,1.1,1.12,1.16,1.08,0.96,1.09,0.88,1.13,0.95,16.85,4.7m,3.59
Fabio Vieira,Arsenal,M,0.61,1.04,1.09,1.05,1.18,1.13,1.04,0.82,1.32,1,1.08,1.07,0.97,1.23,1.01,1.14,16.78,5.4m,3.11
Boly,Nottingham Forest,D,0,0.68,1.04,0.69,0.7,0.73,1.42,1.48,1.36,0.81,1.55,1.13,0.79,1.62,1.29,1.49,16.77,4.5m,3.73
Kabore,Luton,D,0,1.12,1.01,0,1.02,1.22,1.66,0.81,0.65,1.61,0,1.58,1.39,1.64,1.3,1.71,16.72,4m,4.18
Beto,Everton,F,1.29,0.82,1.06,0.96,1.1,0.96,0.98,1.05,0.93,1.15,0.92,1.16,1.08,1.12,1.23,0.86,16.65,5.7m,2.92
Chong,Luton,M,1.15,1.25,1.08,0,1.06,1.04,1.2,0.99,1.05,1.19,1,1.15,1.08,1.15,1.07,1.16,16.62,4.7m,3.54
Bruun Larsen,Burnley,M,1.13,0.87,0.91,0.98,1.16,1,1.09,0.91,1.14,0.97,1.06,1.13,0.96,1.01,0.93,1.2,16.45,4.9m,3.36
Odysseas,Nottingham Forest,GK,0.98,0.98,1.05,0.93,0.94,0.93,1.1,1.09,1.04,0.93,1.08,0.97,0.93,1.07,0.99,1.02,16.04,4.5m,3.56
Andre Gomes,Everton,M,0,0.83,1.09,0.95,1.11,0.97,0.99,1.07,0.96,1.2,0.97,1.21,1.14,1.18,1.29,0.92,15.88,4.4m,3.61
Egan,Sheffield Utd,D,0,1.45,0.97,1.1,0.79,1.04,0.83,1.3,0.42,1.06,0.99,1.56,0.75,1.58,0.99,0.99,15.84,4.3m,3.68
Clark,Luton,M,1.19,1.23,1.04,0,1.01,0.99,1.15,0.92,0.99,1.12,0.94,1.07,1.01,1.07,0.99,1.08,15.78,4.8m,3.29
Nakamba,Luton,M,0,1.23,1.09,0,1.07,1.07,1.2,1,1.05,1.18,1,1.15,1.09,1.16,1.07,1.16,15.51,4.4m,3.53
Mpanzu,Luton,M,1.17,1.17,1,0,0.98,0.97,1.1,0.91,0.99,1.07,0.94,1.03,0.98,1.03,0.97,1.03,15.34,4.7m,3.26
Sangare,Nottingham Forest,M,0,0.63,0.86,0.78,0.85,0.87,1.07,1.13,1.13,0.97,1.21,1.08,1.02,1.27,1.18,1.24,15.29,4.9m,3.12
Damsgaard,Brentford,M,0.95,1.02,1.51,0.83,0.84,0.72,0.89,0.91,0.9,0.81,1.08,0.99,0.94,0.96,0.93,0.91,15.18,4.8m,3.16
Lukic,Fulham,M,1.13,1.28,0.89,0.79,0.87,0.87,0.88,0.98,0.93,0.9,0.9,0.88,1,0.91,0.83,1.05,15.09,4.3m,3.51
Felipe,Nottingham Forest,D,0.49,0.98,1.16,0.7,0.67,0.67,1.29,1.27,1.13,0.66,1.24,0.89,0.61,1.22,0.96,1.09,15.04,4.4m,3.42
Kouyate,Nottingham Forest,M,0,0.62,0.84,0.77,0.83,0.86,1.05,1.11,1.1,0.97,1.18,1.07,1.01,1.25,1.17,1.23,15.03,4.8m,3.13
Dr?gu?in,Tottenham,D,0.84,0.88,1.07,0,1.12,0.73,0.9,1.38,0.96,1.27,0.8,0.72,0.84,0.61,1.33,1.27,14.72,4.5m,3.27
Enciso,Brighton,M,0,0.52,1.17,1.09,0.96,1.22,0.82,0.83,0.98,0.89,1.08,1.02,1.08,1.05,0.91,1.1,14.71,5m,2.94
Clyne,Crystal Palace,D,0.91,0.93,0.88,1.18,0.7,1.33,0.9,1.03,0.91,0.65,0.52,1.07,0.88,0.95,0.96,0.88,14.67,4.4m,3.34
Burke,Luton,D,0.98,1.66,1.07,0,0.93,1.07,1.36,0.62,0.54,1.14,0.39,1.05,0.91,1.03,0.82,1.01,14.56,4m,3.64
Benrahma,West Ham,M,0,0.99,1.1,1.05,0.9,1.06,0.93,0.85,0.95,0.95,1.02,0.93,0.91,0.87,1.2,0.78,14.48,5.6m,2.59
Bassey,Fulham,D,0,0.87,0.71,0.61,0.73,0.88,0.83,1.21,1.11,0.99,1,0.76,1.44,1.05,0.75,1.53,14.48,4.4m,3.29
Doyle,Wolves,M,1.03,1.03,0.88,1.11,0.87,0.99,1.03,0.86,0.95,0.99,0.95,0.86,1.08,0,0.98,0.82,14.45,4.4m,3.29
Igor,Brighton,D,1.41,0.69,1.13,1.04,0.83,1.19,0.58,0.44,0.83,0.7,1,0.89,0.88,0.86,0.66,0.93,14.04,4.3m,3.27
Lamptey,Brighton,D,0.97,0.66,1.03,0.97,0.8,1.14,0.59,0.49,0.85,0.72,1.02,0.92,0.94,0.92,0.73,1.01,13.77,3.9m,3.53
Bradley,Liverpool,D,0.9,1.3,0.84,0,0.96,0.65,0.84,0.86,1.17,0.77,1.05,0.84,0.86,0.84,0.71,1.03,13.64,4m,3.41
Gomez,Liverpool,D,0.74,1.23,0.82,0,0.95,0.64,0.85,0.86,1.19,0.78,1.09,0.86,0.89,0.86,0.73,1.09,13.56,4.5m,3.01
Milner,Brighton,M,1.05,0.82,0.92,0.88,0.8,0.95,0.72,0.71,0.81,0.76,0.87,0.84,0.87,0.86,0.77,0.89,13.51,4.8m,2.81
Vinicius,Fulham,F,1.33,1.34,0.84,0.7,0.8,0.76,0.77,0.85,0.8,0.76,0.75,0.73,0.82,0.73,0.64,0.86,13.48,4.6m,2.93
Matheus N.,Man City,M,0.77,0.82,1.6,0.79,0.8,0.68,0.73,0.73,0.78,0.77,0.91,0.72,0.8,0.84,0.76,0.83,13.34,4.8m,2.78
H.Bueno,Wolves,D,0.7,0.94,0.6,1.15,0.63,0.93,0.97,0.63,0.91,0.96,0.92,0.67,1.2,0.48,1.04,0.47,13.21,4.4m,3
Webster,Brighton,D,1.07,0.64,1.01,0.94,0.78,1.1,0.56,0.45,0.81,0.68,0.97,0.87,0.87,0.85,0.68,0.93,13.2,4.2m,3.14
Aaron Ramsey,Burnley,M,0.8,0.68,0.72,0.78,0.9,0.8,0.87,0.75,0.91,0.8,0.85,0.92,0.79,0.84,0.78,0.98,13.17,5m,2.63
Jorginho,Arsenal,M,0.76,0.78,0.81,0.8,0.87,0.85,0.81,0.66,0.98,0.77,0.84,0.83,0.76,0.93,0.79,0.89,13.15,5.3m,2.48
Kiwior,Arsenal,D,0.92,0.86,0.92,0.83,0.97,0.9,0.81,0.5,1.04,0.65,0.77,0.8,0.63,0.87,0.68,0.83,13,4.3m,3.02
Norrington-Davies,Sheffield Utd,D,1.06,1.15,0.78,0.86,0.63,0.81,0.65,0.96,0.35,0.79,0.73,1.12,0.56,1.12,0.72,0.71,12.99,3.9m,3.33
Norwood,Sheffield Utd,M,0.91,0.86,0.8,0.78,0.72,0.81,0.75,0.86,0.7,0.8,0.78,0.93,0.74,0.95,0.79,0.82,12.98,4.8m,2.71
Gravenberch,Liverpool,M,1.05,1.11,0.81,0,0.86,0.73,0.8,0.85,0.98,0.78,0.88,0.8,0.82,0.83,0.76,0.89,12.96,5m,2.59
J.Murphy,Newcastle,M,1.65,0.9,0.97,0.68,0.92,0.75,0.74,0.77,0.73,0.65,0.65,0.59,0.76,0.63,0.62,0.57,12.58,4.8m,2.62
Ajer,Brentford,D,0.8,0.96,0.98,0.72,0.74,0.46,0.81,0.76,0.7,0.57,1.03,0.92,0.74,0.83,0.73,0.71,12.48,4.4m,2.84
March,Brighton,M,0,0,0.34,0.81,0.9,1.13,0.78,0.8,0.92,0.85,1.01,0.96,1.02,0.99,0.87,1.04,12.42,6.1m,2.04
Hojbjerg,Tottenham,M,1.45,0.98,0.97,0,0.89,0.75,0.77,0.91,0.75,0.84,0.68,0.64,0.66,0.61,0.77,0.74,12.4,5.2m,2.38
Wissa,Brentford,F,0.54,0.63,1.15,0.64,0.65,0.58,0.72,0.76,0.77,0.69,0.92,0.85,0.83,0.85,0.84,0.82,12.24,5.6m,2.19
Thomas,Arsenal,M,0.45,0.77,0.79,0.77,0.83,0.81,0.77,0.64,0.91,0.73,0.79,0.78,0.72,0.86,0.74,0.82,12.19,4.8m,2.54
Cucurella,Chelsea,D,0,0,0,0,0.55,0.86,0.67,1.3,1.09,1.25,1.18,0.81,0.84,1.22,1.18,1.25,12.19,4.8m,2.54
Coleman,Everton,D,0.89,0.42,0.92,0.58,0.86,0.64,0.58,0.75,0.6,0.96,0.61,0.97,0.84,0.94,1.04,0.5,12.1,4.4m,2.75
Traore,Fulham,M,0,1.2,0.79,0.68,0.76,0.74,0.75,0.84,0.8,0.76,0.76,0.74,0.84,0.76,0.68,0.88,11.99,4.9m,2.45
Cornet,West Ham,M,0.79,0.76,0.84,0.8,0.68,0.8,0.71,0.64,0.72,0.72,0.77,0.7,0.69,0.66,0.91,0.59,11.78,5.2m,2.27
Doherty,Wolves,D,0.76,0.88,0.58,1.04,0.59,0.82,0.87,0.57,0.78,0.82,0.78,0.58,1,0.44,0.84,0.44,11.76,4.3m,2.74
Cullen,Burnley,M,0.71,0.6,0.64,0.69,0.79,0.7,0.77,0.66,0.8,0.7,0.75,0.8,0.7,0.74,0.68,0.86,11.6,5m,2.32
Ekdal,Burnley,D,0.97,0.36,0.56,0.77,0.87,0.68,0.83,0.54,0.89,0.66,0.65,0.87,0.56,0.68,0.48,0.95,11.34,3.9m,2.91
Delcroix,Burnley,D,0.85,0.36,0.54,0.74,0.85,0.67,0.81,0.54,0.88,0.65,0.66,0.87,0.57,0.68,0.49,0.96,11.13,4m,2.78
Niakhate,Nottingham Forest,D,0,0.44,0.68,0.44,0.43,0.45,0.95,1.01,0.9,0.52,1.04,0.75,0.52,1.08,0.87,1,11.08,4.5m,2.46
Baldock,Sheffield Utd,D,0,0.97,0.68,0.75,0.55,0.72,0.59,0.89,0.34,0.74,0.69,1.07,0.54,1.08,0.7,0.7,10.99,3.8m,2.89
Andersen,Luton,D,0,1.12,0.76,0,0.69,0.8,1.04,0.51,0.47,0.93,0.35,0.89,0.78,0.9,0.72,0.91,10.87,3.9m,2.79
Dasilva,Brentford,M,0.8,0.76,1.1,0.6,0.6,0.51,0.63,0.63,0.63,0.56,0.74,0.68,0.65,0.66,0.63,0.61,10.78,4.7m,2.29
Aurier,Nottingham Forest,D,0,0.42,0.65,0.44,0.44,0.47,0.9,0.94,0.86,0.54,0.99,0.74,0.53,1.05,0.84,0.97,10.78,4.5m,2.39
Ogbonna,West Ham,D,0.72,0.65,0.85,0.8,0.63,0.85,0.63,0.52,0.61,0.68,0.76,0.7,0.49,0.53,0.96,0.35,10.73,4.3m,2.5
Omobamidele,Nottingham Forest,D,1.64,0.94,1.04,0.59,0.53,0.5,0.88,0.76,0.67,0.38,0.66,0.45,0.3,0.54,0.4,0.43,10.72,4.5m,2.38
Skipp,Tottenham,M,1.26,0.84,0.83,0,0.77,0.65,0.67,0.77,0.64,0.72,0.59,0.56,0.58,0.53,0.66,0.63,10.69,4.5m,2.38
Chukwuemeka,Chelsea,M,1.63,0.82,0.66,0,0.7,0.69,0.57,0.71,0.64,0.67,0.64,0.55,0.53,0.61,0.57,0.6,10.6,4.2m,2.52
E.Royal,Tottenham,D,0.66,0.65,0.78,0,0.8,0.53,0.64,0.98,0.68,0.9,0.57,0.51,0.6,0.44,0.94,0.89,10.55,4.3m,2.45
Cresswell,West Ham,D,0.82,0.67,0.86,0.8,0.62,0.83,0.61,0.49,0.59,0.64,0.71,0.65,0.47,0.49,0.88,0.33,10.47,4.2m,2.49
Ozoh,Crystal Palace,M,0.91,0.63,0.61,0.71,0.58,0.75,0.62,0.64,0.62,0.55,0.54,0.66,0.59,0.62,0.61,0.61,10.22,4.5m,2.27
Sergio Gomez,Man City,D,0.27,0.53,1.06,0.53,0.56,0.39,0.48,0.52,0.59,0.62,0.78,0.52,0.68,0.73,0.63,0.72,9.61,3.8m,2.53
Onyeka,Brentford,M,0.43,0.49,0.9,0.5,0.52,0.46,0.57,0.6,0.6,0.54,0.72,0.67,0.65,0.67,0.65,0.64,9.59,4.9m,1.96
Zaroury,Burnley,M,0.44,0.46,0.5,0.54,0.63,0.57,0.63,0.55,0.67,0.59,0.64,0.69,0.6,0.64,0.59,0.75,9.48,4.6m,2.06
Tsimikas,Liverpool,D,0,0.91,0.6,0,0.69,0.48,0.62,0.64,0.87,0.58,0.78,0.63,0.66,0.65,0.55,0.79,9.45,4.5m,2.1
Roberts,Burnley,D,0.84,0.29,0.47,0.64,0.74,0.57,0.69,0.44,0.75,0.54,0.54,0.72,0.46,0.56,0.39,0.79,9.44,4.3m,2.2
Holding,Crystal Palace,D,0,0.58,0.56,0.77,0.47,0.88,0.61,0.7,0.63,0.46,0.38,0.75,0.62,0.68,0.68,0.65,9.44,4.3m,2.2
Martial,Man Utd,F,0,0,0,0.24,0.35,0.68,0.94,0.78,0.72,0.78,0.85,0.81,0.93,0.78,0.73,0.77,9.35,6.4m,1.46
Lowe,Sheffield Utd,D,0.57,0.73,0.52,0.58,0.44,0.57,0.47,0.7,0.29,0.59,0.56,0.85,0.45,0.86,0.57,0.58,9.32,4.3m,2.17
Maguire,Man Utd,D,0.47,0.43,0.7,0.64,0.31,0.65,0.8,0.56,0.49,0.46,0.61,0.6,0.8,0.67,0.52,0.48,9.21,4.2m,2.19
Bryan,Tottenham,M,1.09,0.73,0.71,0,0.65,0.55,0.56,0.68,0.55,0.63,0.5,0.47,0.48,0.45,0.58,0.56,9.19,4.9m,1.88
Rodriguez,Burnley,F,0.79,0.52,0.53,0.56,0.66,0.56,0.6,0.5,0.61,0.53,0.57,0.6,0.51,0.53,0.49,0.61,9.17,5.3m,1.73
Boubacar Traore,Wolves,M,0,0.39,0.43,0.57,0.49,0.57,0.62,0.57,0.63,0.67,0.66,0.62,0.79,0.66,0.75,0.64,9.06,4.3m,2.11
Dobbin,Everton,M,0.87,0.48,0.62,0.53,0.61,0.52,0.52,0.55,0.49,0.6,0.48,0.59,0.55,0.57,0.61,0.43,9.02,4.5m,2
Sessegnon (Ryan),Tottenham,D,0.7,0.59,0.69,0,0.68,0.46,0.54,0.82,0.57,0.74,0.47,0.42,0.48,0.37,0.75,0.71,8.99,4.4m,2.04
Aina,Nottingham Forest,D,0,0.35,0.53,0.36,0.36,0.38,0.73,0.78,0.71,0.43,0.81,0.6,0.43,0.86,0.69,0.79,8.82,4.5m,1.96
Pellistri,Man Utd,M,0.5,0.48,0.58,0.56,0.43,0.55,0.62,0.52,0.49,0.51,0.55,0.54,0.62,0.54,0.51,0.52,8.53,4.2m,2.03
Broja,Chelsea,F,0.6,0.51,0.45,0,0.52,0.53,0.47,0.62,0.58,0.61,0.6,0.56,0.55,0.64,0.62,0.68,8.52,4.9m,1.74
Baptiste,Brentford,M,0.76,0.63,0.89,0.48,0.48,0.4,0.48,0.48,0.47,0.42,0.55,0.5,0.48,0.48,0.45,0.44,8.38,4.3m,1.95
Anderson,Newcastle,M,0,0.42,0.49,0.4,0.55,0.51,0.53,0.6,0.59,0.55,0.57,0.55,0.71,0.63,0.64,0.62,8.34,4.2m,1.99
Adams (Tyler),Bournemouth,M,0,0.52,0.5,0.49,0.56,0.64,0.55,0.58,0.6,0.61,0.57,0.52,0.57,0.5,0.6,0.53,8.33,4.9m,1.7
Riedewald,Crystal Palace,M,0.37,0.43,0.43,0.51,0.45,0.58,0.51,0.55,0.54,0.49,0.49,0.6,0.56,0.6,0.59,0.6,8.29,4.3m,1.93
Yarmoliuk,Brentford,M,0.74,0.61,0.87,0.46,0.46,0.4,0.47,0.46,0.46,0.41,0.53,0.48,0.47,0.46,0.44,0.43,8.15,4.3m,1.89
Davies (Ben),Tottenham,D,0.27,0.54,0.64,0,0.64,0.43,0.51,0.77,0.54,0.7,0.45,0.4,0.46,0.34,0.71,0.68,8.07,4.3m,1.88
Duran,Aston Villa,F,0,0.39,0.39,0.49,0.5,0.49,0.5,0.61,0.44,0.61,0.48,0.7,0.61,0.6,0.62,0.63,8.05,5m,1.61
Lindelof,Man Utd,D,0.26,0.36,0.57,0.54,0.28,0.56,0.69,0.5,0.44,0.41,0.55,0.55,0.73,0.62,0.48,0.45,7.99,4.5m,1.78
Moder,Brighton,M,0.88,0.54,0.59,0.54,0.48,0.56,0.41,0.4,0.45,0.42,0.47,0.45,0.46,0.45,0.4,0.45,7.95,4.4m,1.81
Keane,Everton,D,0.64,0.29,0.59,0.39,0.56,0.42,0.39,0.48,0.39,0.6,0.39,0.61,0.53,0.59,0.65,0.32,7.85,4.3m,1.82
Pope,Newcastle,GK,0,0,0,0.19,0.45,0.5,0.63,0.68,0.68,0.63,0.63,0.61,0.79,0.71,0.66,0.66,7.8,5.3m,1.47
Godfrey,Everton,D,0.71,0.29,0.61,0.39,0.56,0.41,0.38,0.47,0.38,0.59,0.38,0.58,0.5,0.55,0.61,0.3,7.7,4.3m,1.79
Buendia,Aston Villa,M,0,0.5,0.47,0.56,0.55,0.5,0.49,0.56,0.4,0.54,0.42,0.59,0.51,0.49,0.5,0.51,7.6,5.7m,1.33
Endo,Liverpool,M,0,0.4,0.38,0,0.46,0.42,0.47,0.55,0.64,0.52,0.61,0.57,0.59,0.62,0.58,0.7,7.52,5.4m,1.39
Ritchie,Newcastle,M,1.43,0.63,0.64,0.47,0.57,0.47,0.44,0.41,0.38,0.34,0.32,0.29,0.34,0.28,0.27,0.24,7.51,4.3m,1.75
Solomon,Tottenham,M,0.55,0.5,0.5,0,0.48,0.41,0.44,0.57,0.46,0.54,0.42,0.4,0.42,0.4,0.54,0.53,7.16,5.1m,1.4
Hall,Newcastle,D,0.62,0.47,0.52,0.31,0.55,0,0.48,0.51,0.5,0.42,0.41,0.37,0.58,0.48,0.42,0.42,7.06,4.3m,1.64
Amrabat,Man Utd,M,0,0.28,0.42,0.42,0.36,0.46,0.52,0.47,0.45,0.47,0.51,0.52,0.59,0.54,0.52,0.53,7.05,5m,1.41
P.Fornals,West Ham,M,0.48,0.47,0.49,0.47,0.4,0.46,0.42,0.39,0.42,0.42,0.45,0.42,0.41,0.4,0.52,0.37,6.98,4.6m,1.52
Ballo-Toure,Fulham,D,1.13,0.81,0.46,0.35,0.38,0.4,0.36,0.43,0.39,0.33,0.32,0.24,0.39,0.28,0.2,0.36,6.83,4.5m,1.52
Mepham,Bournemouth,D,0.59,0.36,0.3,0.26,0.45,0.58,0.41,0.47,0.53,0.54,0.43,0.3,0.39,0.25,0.49,0.33,6.67,4.3m,1.55
Bobb,Man City,M,0.26,0.37,0.75,0.38,0.39,0.34,0.37,0.37,0.41,0.4,0.49,0.38,0.43,0.46,0.41,0.46,6.66,4.4m,1.51
Lo Celso,Tottenham,M,0,0.47,0.47,0,0.46,0.39,0.42,0.54,0.44,0.51,0.4,0.38,0.41,0.39,0.52,0.51,6.31,4.8m,1.31
Tavares,Nottingham Forest,D,0.34,0.38,0.44,0.28,0.27,0.28,0.51,0.51,0.46,0.28,0.51,0.38,0.27,0.52,0.41,0.46,6.31,4m,1.58
Diallo,Newcastle,M,0.85,0.45,0.48,0.36,0.45,0.38,0.37,0.37,0.36,0.32,0.32,0.29,0.36,0.31,0.3,0.28,6.25,4.5m,1.39
Matheus França,Crystal Palace,M,0.42,0.34,0.34,0.4,0.34,0.44,0.37,0.39,0.39,0.34,0.34,0.42,0.38,0.41,0.4,0.4,6.14,4.8m,1.28
Y. Chermiti,Everton,F,0.57,0.32,0.4,0.36,0.4,0.35,0.36,0.37,0.33,0.4,0.33,0.4,0.37,0.38,0.41,0.3,6.05,4.8m,1.26
Worrall,Nottingham Forest,D,0.58,0.43,0.49,0.29,0.27,0.26,0.5,0.47,0.42,0.24,0.45,0.32,0.22,0.42,0.33,0.37,6.04,4.3m,1.41
S.Bueno,Wolves,D,0.57,0.51,0.32,0.56,0.31,0.43,0.43,0.26,0.37,0.38,0.35,0.26,0.43,0.19,0.35,0.17,5.88,4.5m,1.31
Amad,Man Utd,M,0.48,0.36,0.41,0.39,0.31,0.38,0.41,0.34,0.32,0.33,0.35,0.34,0.38,0.34,0.32,0.32,5.78,4.4m,1.31
Gilchrist,Chelsea,D,0.99,0.48,0.26,0,0.38,0.37,0.25,0.42,0.35,0.39,0.36,0.25,0.25,0.34,0.33,0.34,5.76,4m,1.44
Tomkins,Crystal Palace,D,0.33,0.33,0.31,0.42,0.27,0.49,0.34,0.39,0.36,0.27,0.23,0.42,0.35,0.39,0.38,0.37,5.65,4m,1.41
Evans,Man Utd,D,0.44,0.29,0.45,0.41,0.2,0.4,0.47,0.33,0.29,0.27,0.35,0.34,0.45,0.37,0.29,0.27,5.6,4m,1.4
Nelson,Arsenal,M,0.45,0.36,0.37,0.35,0.38,0.36,0.34,0.27,0.4,0.31,0.33,0.33,0.3,0.36,0.3,0.33,5.55,4.8m,1.16
Larouci,Sheffield Utd,D,0.17,0.38,0.28,0.32,0.25,0.33,0.28,0.44,0.18,0.37,0.36,0.55,0.3,0.58,0.39,0.39,5.55,4.3m,1.29
Benson,Burnley,M,0.27,0.27,0.29,0.32,0.37,0.33,0.36,0.32,0.39,0.34,0.37,0.4,0.35,0.37,0.34,0.43,5.52,5.2m,1.06
Ahamada,Crystal Palace,M,0.37,0.31,0.31,0.36,0.3,0.39,0.33,0.35,0.35,0.31,0.31,0.37,0.34,0.37,0.36,0.36,5.5,4.3m,1.28
Osborn,Sheffield Utd,M,0.39,0.35,0.33,0.32,0.3,0.33,0.31,0.35,0.3,0.33,0.33,0.38,0.31,0.39,0.33,0.34,5.4,4.8m,1.12
T.Davies,Sheffield Utd,M,0,0.27,0.27,0.28,0.28,0.32,0.31,0.37,0.32,0.36,0.37,0.44,0.37,0.46,0.4,0.42,5.24,5m,1.05
Johnson (Ben),West Ham,D,0.32,0.31,0.4,0.37,0.29,0.39,0.3,0.25,0.29,0.33,0.36,0.34,0.24,0.26,0.46,0.18,5.13,4.4m,1.16
Hodge,Wolves,M,0.44,0.37,0.31,0.39,0.3,0.33,0.34,0.28,0.31,0.32,0.3,0.27,0.34,0.27,0.3,0.25,5.12,4.4m,1.16
Ugochukwu,Chelsea,M,0,0.26,0.24,0,0.3,0.31,0.29,0.39,0.37,0.4,0.4,0.37,0.38,0.44,0.44,0.48,5.06,4.4m,1.15
Lascelles,Newcastle,D,0.32,0.3,0.34,0.2,0.37,0.27,0.33,0.36,0.35,0.29,0.29,0.26,0.41,0.34,0.3,0.31,5.05,4.1m,1.23
Krafth,Newcastle,D,0.58,0.34,0.37,0.22,0.38,0.27,0.32,0.32,0.31,0.26,0.25,0.23,0.34,0.28,0.25,0.25,4.96,4.4m,1.13
Zanka,Brentford,D,0.31,0.36,0.39,0.27,0.28,0.19,0.32,0.3,0.28,0.23,0.4,0.36,0.31,0.33,0.3,0.29,4.92,4.3m,1.15
Ramsdale,Arsenal,GK,0.18,0.25,0.27,0.26,0.29,0.86,0.27,0.23,0.33,0.25,0.28,0.29,0.26,0.31,0.27,0.31,4.92,4.5m,1.09
Fleck,Sheffield Utd,M,0.24,0.28,0.27,0.27,0.26,0.29,0.28,0.32,0.27,0.3,0.3,0.36,0.29,0.37,0.31,0.33,4.75,4.9m,0.97
Brewster,Sheffield Utd,F,0,0.32,0.31,0.3,0.28,0.31,0.29,0.32,0.28,0.31,0.3,0.35,0.29,0.35,0.31,0.32,4.65,4.9m,0.95
Fabianski,West Ham,GK,0.16,0.24,0.27,0.28,0.26,0.31,0.28,0.27,0.29,0.3,0.32,0.31,0.28,0.29,0.38,0.28,4.52,4.2m,1.08
Deivid,Chelsea,F,0.37,0.25,0.22,0,0.25,0.25,0.22,0.28,0.27,0.28,0.27,0.25,0.25,0.28,0.27,0.3,4.03,4.5m,0.89
Quansah,Liverpool,D,0.31,0.39,0.25,0,0.28,0.2,0.25,0.25,0.33,0.22,0.3,0.24,0.24,0.24,0.21,0.28,3.99,4m,1
Ghoddos,Brentford,M,0,0.19,0.36,0.2,0.21,0.2,0.24,0.26,0.26,0.24,0.32,0.3,0.3,0.31,0.3,0.3,3.99,4.5m,0.89
Jordao,Wolves,M,0.26,0.26,0.23,0.28,0.23,0.25,0.26,0.23,0.25,0.26,0.25,0.23,0.28,0.23,0.26,0.22,3.98,4.3m,0.93
Faivre,Bournemouth,M,0.31,0.23,0.22,0.21,0.25,0.29,0.24,0.26,0.26,0.27,0.25,0.23,0.25,0.22,0.26,0.23,3.98,5m,0.8
Altay,Man Utd,GK,0.19,0.21,0.26,0.25,0.21,0.26,0.29,0.25,0.24,0.24,0.26,0.26,0.3,0.27,0.25,0.24,3.98,4m,0.99
Veliz,Tottenham,F,0,0,0.15,0,0.32,0.28,0.3,0.38,0.31,0.36,0.28,0.27,0.28,0.28,0.36,0.35,3.92,5.4m,0.73
A.Davies,Sheffield Utd,GK,0.32,0.35,0.17,0.18,0.19,0.2,0.21,0.24,0.23,0.24,0.24,0.28,0.24,0.29,0.26,0.27,3.9,4m,0.98
Onyango,Everton,M,0.27,0.2,0.24,0.22,0.25,0.22,0.23,0.24,0.22,0.27,0.23,0.27,0.26,0.27,0.29,0.22,3.88,4.4m,0.88
Traore,Aston Villa,M,0.25,0.22,0.21,0.25,0.25,0.23,0.23,0.26,0.2,0.26,0.21,0.28,0.25,0.24,0.25,0.25,3.84,5m,0.77
Kilkenny,Bournemouth,M,0.49,0.25,0.23,0.21,0.24,0.26,0.22,0.21,0.21,0.22,0.2,0.18,0.19,0.16,0.19,0.16,3.62,4.3m,0.84
Muric,Burnley,GK,0.03,0.16,0.18,0.2,0.22,0.21,0.24,0.23,0.27,0.24,0.25,0.28,0.25,0.27,0.26,0.32,3.6,4.3m,0.84
J.Timber,Arsenal,D,0,0.23,0.24,0.22,0.26,0.24,0.23,0.16,0.28,0.2,0.22,0.23,0.19,0.25,0.21,0.25,3.41,4.6m,0.74
Chambers (Calum),Aston Villa,D,0.32,0.21,0.2,0.26,0.25,0.2,0.2,0.25,0.13,0.23,0.15,0.24,0.21,0.17,0.17,0.22,3.4,3.8m,0.89
Parkinson,Newcastle,F,0.3,0.21,0.23,0.19,0.23,0.21,0.2,0.21,0.2,0.19,0.19,0.19,0.22,0.2,0.2,0.19,3.36,4.5m,0.75
Matthews,Crystal Palace,GK,0.16,0.19,0.19,0.22,0.18,0.25,0.2,0.22,0.21,0.19,0.19,0.23,0.22,0.23,0.23,0.22,3.33,3.9m,0.85
Donley,Tottenham,F,0.38,0.26,0.24,0,0.22,0.2,0.2,0.24,0.2,0.22,0.18,0.17,0.18,0.17,0.21,0.2,3.27,4.5m,0.73
Lavia,Chelsea,M,0,0.17,0.16,0,0.19,0.2,0.19,0.25,0.24,0.25,0.25,0.24,0.24,0.28,0.28,0.3,3.24,4.9m,0.66
Mubama,West Ham,F,0.35,0.24,0.24,0.22,0.19,0.21,0.19,0.17,0.18,0.18,0.18,0.17,0.17,0.16,0.19,0.15,3.2,4.2m,0.76
Fraser,Wolves,F,0.33,0.24,0.2,0.23,0.19,0.2,0.2,0.17,0.18,0.18,0.18,0.16,0.18,0.16,0.17,0.15,3.14,4.5m,0.7
Berry,Luton,M,0.24,0.23,0.2,0,0.2,0.19,0.22,0.18,0.21,0.22,0.2,0.21,0.2,0.21,0.2,0.21,3.1,4.6m,0.67
Karius,Newcastle,GK,0.22,0.3,0.31,0.2,0.21,0.14,0.15,0.16,0.16,0.15,0.15,0.15,0.19,0.17,0.16,0.16,3.01,3.9m,0.77
Dummett,Newcastle,D,0.21,0.18,0.19,0.13,0.21,0.16,0.19,0.2,0.19,0.17,0.16,0.15,0.23,0.19,0.17,0.17,2.9,3.9m,0.74
Dele,Everton,M,0,0.13,0.16,0.16,0.18,0.17,0.17,0.19,0.18,0.21,0.18,0.22,0.21,0.22,0.24,0.19,2.81,4.8m,0.59
Ortega Moreno,Man City,GK,0.08,0.15,0.3,0.15,0.16,0.13,0.15,0.16,0.17,0.18,0.21,0.16,0.19,0.2,0.18,0.2,2.78,3.8m,0.73
Rak-Sakyi,Crystal Palace,M,0,0.14,0.14,0.17,0.15,0.19,0.17,0.19,0.19,0.18,0.18,0.22,0.2,0.22,0.22,0.22,2.77,4.5m,0.62
Origi,Nottingham Forest,F,0,0.15,0.16,0.15,0.16,0.16,0.19,0.19,0.2,0.18,0.21,0.19,0.18,0.22,0.2,0.21,2.74,5m,0.55
Bajcetic,Liverpool,M,0,0.18,0.15,0,0.17,0.16,0.18,0.2,0.22,0.19,0.21,0.2,0.21,0.22,0.21,0.24,2.73,4.7m,0.58
M.Elneny,Arsenal,M,0,0.15,0.16,0.16,0.17,0.17,0.17,0.16,0.21,0.18,0.19,0.19,0.18,0.21,0.19,0.21,2.7,4.4m,0.61
Ndiweni,Newcastle,F,0.23,0.17,0.18,0.15,0.18,0.16,0.16,0.16,0.16,0.15,0.15,0.15,0.17,0.16,0.16,0.15,2.64,4.4m,0.6
Woodrow,Luton,F,0,0.16,0.15,0,0.16,0.16,0.19,0.17,0.19,0.2,0.19,0.2,0.19,0.21,0.2,0.22,2.6,4.3m,0.6
Barnett,Wolves,M,0.27,0.2,0.17,0.19,0.16,0.17,0.17,0.14,0.15,0.15,0.15,0.13,0.15,0.13,0.14,0.12,2.6,4.5m,0.58
Strakosha,Brentford,GK,0.16,0.16,0.28,0.15,0.15,0.14,0.16,0.15,0.15,0.14,0.18,0.17,0.14,0.16,0.15,0.14,2.57,3.9m,0.66
Chirewa,Wolves,M,0.27,0.19,0.16,0.19,0.15,0.17,0.17,0.14,0.15,0.15,0.14,0.13,0.15,0.13,0.14,0.12,2.56,4.4m,0.58
Sekularac,Fulham,M,0.33,0.25,0.16,0.13,0.14,0.14,0.14,0.14,0.14,0.13,0.13,0.12,0.13,0.12,0.11,0.13,2.45,4.5m,0.54
Thiago,Liverpool,M,0,0.16,0.14,0,0.15,0.15,0.16,0.17,0.19,0.17,0.19,0.18,0.19,0.19,0.18,0.21,2.43,4.7m,0.52
Kambwala,Man Utd,D,0.26,0.14,0.2,0.18,0.1,0.16,0.19,0.13,0.12,0.11,0.13,0.13,0.16,0.13,0.11,0.1,2.36,4m,0.59
Kellyman,Aston Villa,M,0.17,0.14,0.13,0.15,0.15,0.14,0.14,0.16,0.13,0.15,0.13,0.16,0.15,0.15,0.15,0.15,2.34,4.5m,0.52
Targett,Newcastle,D,0,0.13,0.14,0.1,0.17,0.13,0.16,0.17,0.17,0.15,0.15,0.14,0.21,0.18,0.16,0.16,2.32,4.2m,0.55
Scarlett,Tottenham,F,0,0.15,0.15,0,0.15,0.14,0.15,0.19,0.16,0.18,0.16,0.15,0.16,0.16,0.2,0.2,2.3,4.5m,0.51
Mings,Aston Villa,D,0,0.11,0.12,0.15,0.16,0.13,0.14,0.18,0.1,0.17,0.12,0.19,0.17,0.14,0.14,0.19,2.21,4.1m,0.54
Johnson,Luton,D,0.15,0.2,0.14,0,0.13,0.15,0.19,0.1,0.1,0.17,0.08,0.16,0.15,0.16,0.14,0.17,2.21,4m,0.55
Rodak,Fulham,GK,0.07,0.13,0.12,0.12,0.13,0.14,0.13,0.16,0.15,0.14,0.14,0.14,0.17,0.15,0.14,0.18,2.2,3.9m,0.57
Kelleher,Liverpool,GK,0.06,0.14,0.13,0,0.15,0.13,0.14,0.15,0.18,0.14,0.18,0.15,0.16,0.16,0.15,0.18,2.2,3.7m,0.6
Bentley,Wolves,GK,0.06,0.12,0.11,0.15,0.12,0.14,0.14,0.13,0.15,0.15,0.15,0.14,0.18,0.14,0.17,0.14,2.18,3.9m,0.56
Massengo,Burnley,M,0,0.11,0.12,0.13,0.14,0.13,0.15,0.14,0.16,0.14,0.15,0.17,0.15,0.16,0.15,0.18,2.17,4.9m,0.44
Cork,Burnley,M,0,0.1,0.11,0.12,0.14,0.13,0.14,0.14,0.16,0.14,0.15,0.16,0.15,0.16,0.15,0.18,2.14,4.8m,0.45
Forster,Tottenham,GK,0.07,0.12,0.14,0,0.15,0.12,0.14,0.18,0.14,0.17,0.14,0.14,0.14,0.14,0.18,0.17,2.12,3.8m,0.56
Ebiowei,Crystal Palace,M,0.16,0.12,0.12,0.13,0.12,0.14,0.13,0.13,0.13,0.12,0.12,0.13,0.13,0.13,0.13,0.13,2.08,4.4m,0.47
Hill,Bournemouth,D,0,0.1,0.09,0.09,0.13,0.16,0.13,0.15,0.17,0.17,0.15,0.12,0.14,0.1,0.17,0.13,2,4m,0.5
Krul,Luton,GK,0.06,0.13,0.12,0,0.12,0.13,0.14,0.13,0.13,0.14,0.13,0.15,0.14,0.15,0.14,0.15,1.95,4.4m,0.44
Raymond,Crystal Palace,M,0.13,0.11,0.11,0.12,0.11,0.13,0.12,0.12,0.12,0.11,0.11,0.13,0.12,0.13,0.13,0.13,1.94,4.5m,0.43
OMahony,Brighton,F,0.12,0.11,0.12,0.12,0.11,0.13,0.1,0.11,0.12,0.11,0.12,0.12,0.13,0.13,0.12,0.13,1.9,4.5m,0.42
Virginia,Everton,GK,0.07,0.09,0.12,0.1,0.12,0.11,0.11,0.12,0.11,0.14,0.11,0.14,0.13,0.14,0.15,0.11,1.87,3.9m,0.48
Egan-Riley,Burnley,D,0,0.07,0.09,0.11,0.13,0.11,0.13,0.1,0.15,0.12,0.13,0.16,0.12,0.14,0.11,0.18,1.85,3.9m,0.48
One,Sheffield Utd,M,0.16,0.12,0.12,0.11,0.11,0.11,0.11,0.12,0.1,0.11,0.11,0.12,0.1,0.12,0.11,0.11,1.85,4.4m,0.42
Dorrington,Tottenham,D,0.25,0.14,0.15,0,0.14,0.1,0.11,0.14,0.11,0.13,0.09,0.08,0.09,0.07,0.11,0.11,1.81,4m,0.45
A.Murphy,Newcastle,D,0.17,0.12,0.12,0.09,0.13,0.1,0.11,0.12,0.11,0.1,0.1,0.09,0.13,0.11,0.1,0.1,1.81,3.9m,0.46
Seriki,Sheffield Utd,D,0.16,0.14,0.11,0.11,0.09,0.11,0.09,0.12,0.06,0.11,0.1,0.14,0.08,0.14,0.1,0.1,1.76,3.9m,0.45
Fredericks,Bournemouth,D,0,0.09,0.08,0.08,0.11,0.14,0.11,0.13,0.14,0.14,0.12,0.1,0.12,0.09,0.14,0.11,1.71,4.3m,0.4
Hennessey,Nottingham Forest,GK,0,0.08,0.09,0.08,0.09,0.09,0.12,0.13,0.12,0.11,0.13,0.12,0.12,0.14,0.13,0.14,1.7,4m,0.42
Potts,Luton,D,0,0.12,0.09,0,0.09,0.11,0.13,0.08,0.08,0.13,0.07,0.13,0.12,0.14,0.12,0.14,1.56,3.9m,0.4
Malacia,Man Utd,D,0,0.08,0.11,0.1,0.07,0.11,0.13,0.1,0.09,0.09,0.11,0.11,0.14,0.12,0.1,0.1,1.56,4.3m,0.36
Cedric,Arsenal,D,0.11,0.1,0.1,0.1,0.1,0.1,0.1,0.08,0.11,0.09,0.09,0.1,0.09,0.1,0.09,0.1,1.55,3.9m,0.4
Gonzalez,Wolves,M,0,0.1,0.09,0.1,0.09,0.1,0.1,0.1,0.1,0.1,0.1,0.1,0.11,0.11,0.11,0.1,1.51,5m,0.3
Koleosho,Burnley,M,0,0,0,0,0,0,0,0.1,0.11,0.12,0.15,0.18,0.18,0.21,0.21,0.26,1.51,4.8m,0.31
Baker-Boaitey,Brighton,M,0.09,0.09,0.09,0.09,0.09,0.1,0.08,0.08,0.09,0.09,0.1,0.1,0.1,0.1,0.09,0.1,1.49,4.5m,0.33
Iroegbunam,Aston Villa,M,0,0.08,0.08,0.09,0.09,0.09,0.09,0.1,0.09,0.1,0.09,0.11,0.11,0.1,0.11,0.11,1.48,4.4m,0.34
Doucoure (Cheick),Crystal Palace,M,0,0,0,0,0,0,0.07,0.11,0.12,0.12,0.14,0.18,0.17,0.19,0.19,0.19,1.47,4.9m,0.3
Duffus,Brighton,M,0.09,0.09,0.09,0.09,0.09,0.1,0.08,0.08,0.09,0.09,0.1,0.1,0.1,0.1,0.09,0.1,1.47,4.4m,0.33
Hunt,Everton,M,0,0.08,0.09,0.09,0.09,0.09,0.09,0.1,0.1,0.1,0.1,0.1,0.1,0.11,0.11,0.1,1.46,4.5m,0.33
Whittingham,Wolves,M,0,0.09,0.09,0.09,0.09,0.09,0.1,0.09,0.1,0.1,0.1,0.09,0.1,0.1,0.1,0.1,1.43,4.5m,0.32
Horvath,Nottingham Forest,GK,0.07,0.08,0.09,0.08,0.08,0.08,0.1,0.1,0.09,0.08,0.1,0.09,0.09,0.1,0.09,0.1,1.42,4.3m,0.33
Travers,Bournemouth,GK,0.07,0.08,0.08,0.08,0.09,0.1,0.09,0.09,0.1,0.1,0.09,0.09,0.09,0.09,0.1,0.09,1.41,4m,0.35
Brierley,Brentford,M,0,0.08,0.15,0.08,0.08,0.08,0.09,0.09,0.09,0.09,0.1,0.09,0.1,0.09,0.09,0.09,1.39,4.5m,0.31
Peck,Sheffield Utd,M,0.13,0.09,0.09,0.09,0.08,0.09,0.08,0.09,0.08,0.08,0.08,0.09,0.08,0.09,0.08,0.08,1.38,4.4m,0.31
Scanlon,Liverpool,D,0.1,0.1,0.08,0,0.09,0.08,0.08,0.09,0.1,0.08,0.09,0.09,0.09,0.09,0.08,0.1,1.33,3.9m,0.34
Doak,Liverpool,M,0,0.09,0.08,0,0.09,0.09,0.09,0.09,0.1,0.09,0.1,0.09,0.09,0.1,0.09,0.1,1.29,4.4m,0.29
Francois,Fulham,M,0,0.11,0.08,0.07,0.08,0.08,0.08,0.09,0.09,0.08,0.09,0.08,0.09,0.09,0.08,0.1,1.28,4.4m,0.29
Coulibaly,Sheffield Utd,M,0,0.08,0.07,0.08,0.08,0.08,0.08,0.09,0.08,0.09,0.09,0.1,0.09,0.1,0.09,0.09,1.27,4.4m,0.29
Jebbison,Sheffield Utd,F,0,0.08,0.08,0.08,0.08,0.08,0.08,0.08,0.08,0.08,0.08,0.09,0.08,0.09,0.09,0.09,1.24,4.8m,0.26
Barrington,Brighton,M,0,0.07,0.08,0.08,0.07,0.08,0.07,0.08,0.08,0.08,0.09,0.09,0.09,0.09,0.09,0.1,1.23,4.5m,0.27
Hackford,Sheffield Utd,F,0,0.08,0.08,0.08,0.08,0.08,0.08,0.08,0.08,0.08,0.08,0.09,0.08,0.09,0.08,0.09,1.22,4.4m,0.28
Bergstrom,Chelsea,GK,0.2,0.06,0.05,0,0.06,0.07,0.06,0.08,0.08,0.08,0.08,0.07,0.07,0.08,0.08,0.08,1.2,3.9m,0.31
Greenwood,Bournemouth,D,0.1,0.07,0.07,0.06,0.08,0.09,0.07,0.08,0.08,0.08,0.07,0.07,0.07,0.06,0.08,0.07,1.19,4m,0.3
Proctor,Aston Villa,GK,0.08,0.07,0.07,0.08,0.08,0.07,0.07,0.08,0.06,0.08,0.06,0.08,0.07,0.07,0.07,0.08,1.17,4m,0.29
Chalobah (Trevoh),Chelsea,D,0,0.07,0.06,0,0.07,0.08,0.06,0.09,0.09,0.09,0.09,0.08,0.08,0.1,0.1,0.1,1.16,4.3m,0.27
W.Fofana,Chelsea,D,0,0,0,0,0.05,0.06,0.06,0.11,0.1,0.11,0.11,0.09,0.09,0.11,0.11,0.11,1.09,4.4m,0.25
Olsen,Aston Villa,GK,0,0.05,0.05,0.07,0.07,0.06,0.07,0.08,0.07,0.08,0.07,0.09,0.08,0.08,0.08,0.09,1.09,3.9m,0.28
Adedokun,Brentford,D,0,0.07,0.11,0.06,0.06,0.06,0.07,0.07,0.07,0.06,0.08,0.08,0.08,0.08,0.07,0.07,1.08,4m,0.27
Kim Ji-Soo,Brentford,D,0,0.06,0.11,0.06,0.06,0.06,0.07,0.07,0.07,0.06,0.08,0.08,0.08,0.08,0.07,0.07,1.07,4m,0.27
Agyei,Burnley,M,0,0.06,0.06,0.07,0.07,0.07,0.07,0.07,0.07,0.07,0.07,0.07,0.07,0.07,0.07,0.08,1.05,4.2m,0.25
Dibley-Dias,Fulham,M,0,0.09,0.06,0.06,0.06,0.06,0.06,0.07,0.06,0.06,0.06,0.06,0.07,0.06,0.06,0.07,0.98,4.5m,0.22
Buyabu,Sheffield Utd,D,0,0.06,0.05,0.06,0.05,0.06,0.05,0.07,0.05,0.06,0.06,0.08,0.06,0.08,0.06,0.07,0.92,4m,0.23
Hein,Arsenal,GK,0,0.04,0.04,0.04,0.05,0.16,0.05,0.04,0.07,0.05,0.06,0.06,0.05,0.07,0.06,0.07,0.91,4m,0.23
Kavanagh,Brighton,D,0.08,0.05,0.06,0.06,0.05,0.07,0.05,0.04,0.05,0.05,0.06,0.06,0.06,0.06,0.05,0.06,0.91,4m,0.23
Jackson,Brighton,D,0.08,0.05,0.06,0.06,0.05,0.07,0.05,0.04,0.05,0.05,0.06,0.06,0.06,0.06,0.05,0.06,0.91,4m,0.23
Brooking,Chelsea,D,0,0.06,0.05,0,0.06,0.06,0.05,0.07,0.06,0.06,0.06,0.06,0.06,0.07,0.07,0.07,0.84,4m,0.21
Heaton,Man Utd,GK,0,0.03,0.04,0.04,0.04,0.05,0.05,0.05,0.05,0.05,0.05,0.05,0.06,0.06,0.05,0.05,0.71,4m,0.18
G.Shelvey,Nottingham Forest,GK,0,0.03,0.04,0.03,0.04,0.04,0.05,0.05,0.05,0.04,0.05,0.05,0.05,0.06,0.05,0.06,0.68,3.9m,0.17
Whitworth,Crystal Palace,GK,0.03,0.03,0.03,0.04,0.03,0.04,0.03,0.03,0.03,0.03,0.03,0.04,0.03,0.03,0.03,0.03,0.52,3.9m,0.13
Balcombe,Brentford,GK,0,0.02,0.03,0.02,0.02,0.02,0.02,0.02,0.02,0.02,0.03,0.03,0.03,0.03,0.03,0.03,0.37,3.9m,0.09
Lonergan,Everton,GK,0,0.01,0.02,0.02,0.02,0.02,0.02,0.02,0.02,0.03,0.02,0.03,0.03,0.03,0.03,0.03,0.36,3.9m,0.09
Randolph,Bournemouth,GK,0,0.01,0.02,0.02,0.02,0.02,0.02,0.02,0.03,0.03,0.02,0.02,0.02,0.02,0.03,0.03,0.34,4m,0.08
Radu,Bournemouth,GK,0,0.01,0.02,0.02,0.02,0.02,0.02,0.02,0.03,0.03,0.02,0.02,0.02,0.02,0.03,0.03,0.34,4.4m,0.08
Vigouroux,Burnley,GK,0.03,0.02,0.02,0.02,0.01,0.01,0.01,0.01,0.01,0.01,0.01,0.01,0.01,0.01,0.01,0.01,0.2,3.9m,0.05
Surridge,Nottingham Forest,F,0,0,0,0,0,0,0,0,0,0,0,0,0,0,0,0,0,4.5m,0
Ndiaye,Sheffield Utd,F,0,0,0,0,0,0,0,0,0,0,0,0,0,0,0,0,0,5.5m,0
T.Benie,Sheffield Utd,F,0,0,0,0,0,0,0,0,0,0,0,0,0,0,0,0,0,5.1m,0
Watson,Luton,M,0,0,0,0,0,0,0,0,0,0,0,0,0,0,0,0,0,4.4m,0
Dennis (Emmanuel),Nottingham Forest,F,0,0,0,0,0,0,0,0,0,0,0,0,0,0,0,0,0,4.8m,0
Marsh,Sheffield Utd,F,0,0,0,0,0,0,0,0,0,0,0,0,0,0,0,0,0,4.5m,0
Thorpe,Luton,M,0,0,0,0,0,0,0,0,0,0,0,0,0,0,0,0,0,4.5m,0
Kane,Tottenham,F,0,0,0,0,0,0,0,0,0,0,0,0,0,0,0,0,0,12.5m,0
Ui-jo,Nottingham Forest,F,0,0,0,0,0,0,0,0,0,0,0,0,0,0,0,0,0,4.4m,0
Sarmiento,Brighton,M,0,0,0,0,0,0,0,0,0,0,0,0,0,0,0,0,0,4.5m,0
Hugill,Man Utd,F,0,0,0,0,0,0,0,0,0,0,0,0,0,0,0,0,0,4.5m,0
Marshall,West Ham,F,0,0,0,0,0,0,0,0,0,0,0,0,0,0,0,0,0,4.5m,0
Luker,Luton,M,0,0,0,0,0,0,0,0,0,0,0,0,0,0,0,0,0,4.5m,0
Charles,Man City,M,0,0,0,0,0,0,0,0,0,0,0,0,0,0,0,0,0,4.5m,0
Taylor,Luton,F,0,0,0,0,0,0,0,0,0,0,0,0,0,0,0,0,0,4.5m,0
Pepple,Luton,F,0,0,0,0,0,0,0,0,0,0,0,0,0,0,0,0,0,4.5m,0
Mahrez,Man City,M,0,0,0,0,0,0,0,0,0,0,0,0,0,0,0,0,0,7.5m,0
Perrone,Man City,M,0,0,0,0,0,0,0,0,0,0,0,0,0,0,0,0,0,4.4m,0
Fred,Man Utd,M,0,0,0,0,0,0,0,0,0,0,0,0,0,0,0,0,0,5m,0
Muskwe,Luton,F,0,0,0,0,0,0,0,0,0,0,0,0,0,0,0,0,0,4.5m,0
McAtee,Luton,F,0,0,0,0,0,0,0,0,0,0,0,0,0,0,0,0,0,4.5m,0
Scamacca,West Ham,F,0,0,0,0,0,0,0,0,0,0,0,0,0,0,0,0,0,6m,0
Campbell,Luton,M,0,0,0,0,0,0,0,0,0,0,0,0,0,0,0,0,0,4.9m,0
Fabio Silva,Wolves,F,0,0,0,0,0,0,0,0,0,0,0,0,0,0,0,0,0,5.2m,0
Gbamin,Everton,M,0,0,0,0,0,0,0,0,0,0,0,0,0,0,0,0,0,4.4m,0
Churlinov,Burnley,M,0,0,0,0,0,0,0,0,0,0,0,0,0,0,0,0,0,4.4m,0
Costelloe,Burnley,M,0,0,0,0,0,0,0,0,0,0,0,0,0,0,0,0,0,4.5m,0
Twine,Burnley,M,0,0,0,0,0,0,0,0,0,0,0,0,0,0,0,0,0,4.9m,0
Pulisic,Chelsea,M,0,0,0,0,0,0,0,0,0,0,0,0,0,0,0,0,0,5.5m,0
Ziyech,Chelsea,M,0,0,0,0,0,0,0,0,0,0,0,0,0,0,0,0,0,5.4m,0
Angelo,Chelsea,M,0,0,0,0,0,0,0,0,0,0,0,0,0,0,0,0,0,5m,0
Maatsen,Chelsea,M,0,0,0,0,0,0,0,0,0,0,0,0,0,0,0,0,0,5.1m,0
Diego Moreira,Chelsea,M,0,0,0,0,0,0,0,0,0,0,0,0,0,0,0,0,0,4.5m,0
Matos,Chelsea,M,0,0,0,0,0,0,0,0,0,0,0,0,0,0,0,0,0,4.5m,0
Gray (Demarai),Everton,M,0,0,0,0,0,0,0,0,0,0,0,0,0,0,0,0,0,5.3m,0
Rea,Luton,M,0,0,0,0,0,0,0,0,0,0,0,0,0,0,0,0,0,4.4m,0
I.Cavaleiro,Fulham,M,0,0,0,0,0,0,0,0,0,0,0,0,0,0,0,0,0,5m,0
Knockaert,Fulham,M,0,0,0,0,0,0,0,0,0,0,0,0,0,0,0,0,0,4.4m,0
Harris,Fulham,M,0,0,0,0,0,0,0,0,0,0,0,0,0,0,0,0,0,4.5m,0
Fabinho,Liverpool,M,0,0,0,0,0,0,0,0,0,0,0,0,0,0,0,0,0,5m,0
Henderson (Jordan),Liverpool,M,0,0,0,0,0,0,0,0,0,0,0,0,0,0,0,0,0,5m,0
Stansfield,Fulham,F,0,0,0,0,0,0,0,0,0,0,0,0,0,0,0,0,0,4.5m,0
Freeman,Luton,M,0,0,0,0,0,0,0,0,0,0,0,0,0,0,0,0,0,4.9m,0
Mendes,Luton,M,0,0,0,0,0,0,0,0,0,0,0,0,0,0,0,0,0,4.5m,0
Onyedinma,Luton,M,0,0,0,0,0,0,0,0,0,0,0,0,0,0,0,0,0,5m,0
Pereira,Luton,M,0,0,0,0,0,0,0,0,0,0,0,0,0,0,0,0,0,4.4m,0
Hannibal,Man Utd,M,0,0,0,0,0,0,0,0,0,0,0,0,0,0,0,0,0,4.3m,0
Hayden,Newcastle,M,0,0,0,0,0,0,0,0,0,0,0,0,0,0,0,0,0,4.4m,0
Mitrovic,Fulham,F,0,0,0,0,0,0,0,0,0,0,0,0,0,0,0,0,0,7.4m,0
Moore,Bournemouth,F,0,0,0,0,0,0,0,0,0,0,0,0,0,0,0,0,0,4.6m,0
Balogun,Arsenal,F,0,0,0,0,0,0,0,0,0,0,0,0,0,0,0,0,0,4.4m,0
Gardner,Nottingham Forest,F,0,0,0,0,0,0,0,0,0,0,0,0,0,0,0,0,0,4.5m,0
Mighten,Nottingham Forest,M,0,0,0,0,0,0,0,0,0,0,0,0,0,0,0,0,0,4.4m,0
Osong,Nottingham Forest,F,0,0,0,0,0,0,0,0,0,0,0,0,0,0,0,0,0,4.5m,0
Shoretire,Man Utd,F,0,0,0,0,0,0,0,0,0,0,0,0,0,0,0,0,0,4.4m,0
O'Brien,Nottingham Forest,M,0,0,0,0,0,0,0,0,0,0,0,0,0,0,0,0,0,4.9m,0
Stutter,Chelsea,F,0,0,0,0,0,0,0,0,0,0,0,0,0,0,0,0,0,4.5m,0
Ojeda,Nottingham Forest,M,0,0,0,0,0,0,0,0,0,0,0,0,0,0,0,0,0,4.5m,0
G.Scarpa,Nottingham Forest,M,0,0,0,0,0,0,0,0,0,0,0,0,0,0,0,0,0,4.5m,0
J.Shelvey,Nottingham Forest,M,0,0,0,0,0,0,0,0,0,0,0,0,0,0,0,0,0,4.8m,0
Bowler,Nottingham Forest,M,0,0,0,0,0,0,0,0,0,0,0,0,0,0,0,0,0,4.5m,0
Hesketh,Wolves,M,0,0,0,0,0,0,0,0,0,0,0,0,0,0,0,0,0,4.5m,0
Ndombele,Tottenham,M,0,0,0,0,0,0,0,0,0,0,0,0,0,0,0,0,0,4.4m,0
Coventry,West Ham,M,0,0,0,0,0,0,0,0,0,0,0,0,0,0,0,0,0,4.3m,0
Downes,West Ham,M,0,0,0,0,0,0,0,0,0,0,0,0,0,0,0,0,0,5m,0
Vlasic,West Ham,M,0,0,0,0,0,0,0,0,0,0,0,0,0,0,0,0,0,4.5m,0
Podence,Wolves,M,0,0,0,0,0,0,0,0,0,0,0,0,0,0,0,0,0,5.3m,0
Guedes,Wolves,M,0,0,0,0,0,0,0,0,0,0,0,0,0,0,0,0,0,5.4m,0
Cundle,Wolves,M,0,0,0,0,0,0,0,0,0,0,0,0,0,0,0,0,0,4.5m,0
Chiquinho,Wolves,M,0,0,0,0,0,0,0,0,0,0,0,0,0,0,0,0,0,4.5m,0
Freuler,Nottingham Forest,M,0,0,0,0,0,0,0,0,0,0,0,0,0,0,0,0,0,4.9m,0
Davis,Aston Villa,F,0,0,0,0,0,0,0,0,0,0,0,0,0,0,0,0,0,4.9m,0
Cannon,Everton,F,0,0,0,0,0,0,0,0,0,0,0,0,0,0,0,0,0,4.5m,0
Saint-Maximin,Newcastle,M,0,0,0,0,0,0,0,0,0,0,0,0,0,0,0,0,0,6m,0
Sancho,Man Utd,M,0,0,0,0,0,0,0,0,0,0,0,0,0,0,0,0,0,6.7m,0
Van de Beek,Man Utd,M,0,0,0,0,0,0,0,0,0,0,0,0,0,0,0,0,0,4.7m,0
Gore,Man Utd,M,0,0,0,0,0,0,0,0,0,0,0,0,0,0,0,0,0,4.5m,0
Fraser,Newcastle,M,0,0,0,0,0,0,0,0,0,0,0,0,0,0,0,0,0,4.9m,0
Simms,Everton,F,0,0,0,0,0,0,0,0,0,0,0,0,0,0,0,0,0,4.5m,0
Hendrick,Newcastle,M,0,0,0,0,0,0,0,0,0,0,0,0,0,0,0,0,0,4.4m,0
Ola-Adebomi,Crystal Palace,F,0,0,0,0,0,0,0,0,0,0,0,0,0,0,0,0,0,4.5m,0
Kuol,Newcastle,M,0,0,0,0,0,0,0,0,0,0,0,0,0,0,0,0,0,4.5m,0
Gordon,Crystal Palace,F,0,0,0,0,0,0,0,0,0,0,0,0,0,0,0,0,0,4.5m,0
Plange,Crystal Palace,F,0,0,0,0,0,0,0,0,0,0,0,0,0,0,0,0,0,4.5m,0
Wesley,Aston Villa,F,0,0,0,0,0,0,0,0,0,0,0,0,0,0,0,0,0,5m,0
Burstow,Chelsea,F,0,0,0,0,0,0,0,0,0,0,0,0,0,0,0,0,0,4.5m,0
Lukaku,Chelsea,F,0,0,0,0,0,0,0,0,0,0,0,0,0,0,0,0,0,6.8m,0
Aubameyang,Chelsea,F,0,0,0,0,0,0,0,0,0,0,0,0,0,0,0,0,0,6.5m,0
Weghorst,Burnley,F,0,0,0,0,0,0,0,0,0,0,0,0,0,0,0,0,0,5.5m,0
Obafemi,Burnley,F,0,0,0,0,0,0,0,0,0,0,0,0,0,0,0,0,0,4.9m,0
Zeqiri,Brighton,F,0,0,0,0,0,0,0,0,0,0,0,0,0,0,0,0,0,4.4m,0
B.Aguilera,Nottingham Forest,M,0,0,0,0,0,0,0,0,0,0,0,0,0,0,0,0,0,4.5m,0
Undav,Brighton,F,0,0,0,0,0,0,0,0,0,0,0,0,0,0,0,0,0,5.5m,0
Connolly,Brighton,F,0,0,0,0,0,0,0,0,0,0,0,0,0,0,0,0,0,4.5m,0
Dervisoglu,Brentford,F,0,0,0,0,0,0,0,0,0,0,0,0,0,0,0,0,0,4.5m,0
Bastien,Burnley,M,0,0,0,0,0,0,0,0,0,0,0,0,0,0,0,0,0,4.9m,0
Mbabu,Fulham,D,0,0,0,0,0,0,0,0,0,0,0,0,0,0,0,0,0,4m,0
Kozlowski,Brighton,M,0,0,0,0,0,0,0,0,0,0,0,0,0,0,0,0,0,4.5m,0
Goode,Brentford,D,0,0,0,0,0,0,0,0,0,0,0,0,0,0,0,0,0,3.9m,0
Lloris,Tottenham,GK,0,0,0,0,0,0,0,0,0,0,0,0,0,0,0,0,0,4.7m,0
Sarkic,Wolves,GK,0,0,0,0,0,0,0,0,0,0,0,0,0,0,0,0,0,4m,0
Casey,West Ham,D,0,0,0,0,0,0,0,0,0,0,0,0,0,0,0,0,0,4m,0
Scarles,West Ham,D,0,0,0,0,0,0,0,0,0,0,0,0,0,0,0,0,0,4m,0
Hubner,Wolves,D,0,0,0,0,0,0,0,0,0,0,0,0,0,0,0,0,0,4m,0
Tierney,Arsenal,D,0,0,0,0,0,0,0,0,0,0,0,0,0,0,0,0,0,4.4m,0
Sorensen,Brentford,D,0,0,0,0,0,0,0,0,0,0,0,0,0,0,0,0,0,4m,0
Karbownik,Brighton,D,0,0,0,0,0,0,0,0,0,0,0,0,0,0,0,0,0,4m,0
Vitek,Man Utd,GK,0,0,0,0,0,0,0,0,0,0,0,0,0,0,0,0,0,4m,0
McNally,Burnley,D,0,0,0,0,0,0,0,0,0,0,0,0,0,0,0,0,0,4m,0
Thomas,Burnley,D,0,0,0,0,0,0,0,0,0,0,0,0,0,0,0,0,0,4m,0
Dodgson,Burnley,D,0,0,0,0,0,0,0,0,0,0,0,0,0,0,0,0,0,4m,0
Ampadu,Chelsea,D,0,0,0,0,0,0,0,0,0,0,0,0,0,0,0,0,0,4m,0
Azpilicueta,Chelsea,D,0,0,0,0,0,0,0,0,0,0,0,0,0,0,0,0,0,4.5m,0
Baba,Chelsea,D,0,0,0,0,0,0,0,0,0,0,0,0,0,0,0,0,0,4m,0
Humphreys,Chelsea,D,0,0,0,0,0,0,0,0,0,0,0,0,0,0,0,0,0,4m,0
Darlow,Newcastle,GK,0,0,0,0,0,0,0,0,0,0,0,0,0,0,0,0,0,4m,0
Steffen,Man City,GK,0,0,0,0,0,0,0,0,0,0,0,0,0,0,0,0,0,3.9m,0
Adaramola,Crystal Palace,D,0,0,0,0,0,0,0,0,0,0,0,0,0,0,0,0,0,4m,0
Scherpen,Brighton,GK,0,0,0,0,0,0,0,0,0,0,0,0,0,0,0,0,0,4m,0
Anang,West Ham,GK,0,0,0,0,0,0,0,0,0,0,0,0,0,0,0,0,0,4m,0
King,Wolves,GK,0,0,0,0,0,0,0,0,0,0,0,0,0,0,0,0,0,3.9m,0
Runarsson,Arsenal,GK,0,0,0,0,0,0,0,0,0,0,0,0,0,0,0,0,0,4m,0
Sinisalo,Aston Villa,GK,0,0,0,0,0,0,0,0,0,0,0,0,0,0,0,0,0,4m,0
Marschall,Aston Villa,GK,0,0,0,0,0,0,0,0,0,0,0,0,0,0,0,0,0,4m,0
Zych,Aston Villa,GK,0,0,0,0,0,0,0,0,0,0,0,0,0,0,0,0,0,4m,0
Cox,Brentford,GK,0,0,0,0,0,0,0,0,0,0,0,0,0,0,0,0,0,4m,0
Peacock-Farrell,Burnley,GK,0,0,0,0,0,0,0,0,0,0,0,0,0,0,0,0,0,4m,0
Walton,Luton,GK,0,0,0,0,0,0,0,0,0,0,0,0,0,0,0,0,0,4m,0
Arrizabalaga,Chelsea,GK,0,0,0,0,0,0,0,0,0,0,0,0,0,0,0,0,0,5m,0
Slonina,Chelsea,GK,0,0,0,0,0,0,0,0,0,0,0,0,0,0,0,0,0,4m,0
Beach,Chelsea,GK,0,0,0,0,0,0,0,0,0,0,0,0,0,0,0,0,0,4m,0
Guaita,Crystal Palace,GK,0,0,0,0,0,0,0,0,0,0,0,0,0,0,0,0,0,4.4m,0
Pitaluga,Liverpool,GK,0,0,0,0,0,0,0,0,0,0,0,0,0,0,0,0,0,4m,0
Basham,Sheffield Utd,D,0,0,0,0,0,0,0,0,0,0,0,0,0,0,0,0,0,3.9m,0
Macey,Luton,GK,0,0,0,0,0,0,0,0,0,0,0,0,0,0,0,0,0,4m,0
O'Brien,Crystal Palace,D,0,0,0,0,0,0,0,0,0,0,0,0,0,0,0,0,0,4m,0
Holgate,Everton,D,0,0,0,0,0,0,0,0,0,0,0,0,0,0,0,0,0,4m,0
Austin,Tottenham,GK,0,0,0,0,0,0,0,0,0,0,0,0,0,0,0,0,0,3.9m,0
Williams (Brandon),Man Utd,D,0,0,0,0,0,0,0,0,0,0,0,0,0,0,0,0,0,4m,0
Biancone,Nottingham Forest,D,0,0,0,0,0,0,0,0,0,0,0,0,0,0,0,0,0,3.9m,0
Watts,Newcastle,D,0,0,0,0,0,0,0,0,0,0,0,0,0,0,0,0,0,4m,0
Manquillo,Newcastle,D,0,0,0,0,0,0,0,0,0,0,0,0,0,0,0,0,0,4m,0
Lewis (Jamal),Newcastle,D,0,0,0,0,0,0,0,0,0,0,0,0,0,0,0,0,0,4m,0
Ashby,Newcastle,D,0,0,0,0,0,0,0,0,0,0,0,0,0,0,0,0,0,4m,0
Fernandez,Man Utd,D,0,0,0,0,0,0,0,0,0,0,0,0,0,0,0,0,0,4m,0
Bailly,Man Utd,D,0,0,0,0,0,0,0,0,0,0,0,0,0,0,0,0,0,4m,0
Alex Telles,Man Utd,D,0,0,0,0,0,0,0,0,0,0,0,0,0,0,0,0,0,4.5m,0
Drager,Nottingham Forest,D,0,0,0,0,0,0,0,0,0,0,0,0,0,0,0,0,0,4m,0
Laporte,Man City,D,0,0,0,0,0,0,0,0,0,0,0,0,0,0,0,0,0,4.9m,0
Cancelo,Man City,D,0,0,0,0,0,0,0,0,0,0,0,0,0,0,0,0,0,5.8m,0
Francis-Clarke,Luton,D,0,0,0,0,0,0,0,0,0,0,0,0,0,0,0,0,0,4m,0
Giles,Luton,D,0,0,0,0,0,0,0,0,0,0,0,0,0,0,0,0,0,4.2m,0
Beck,Liverpool,D,0,0,0,0,0,0,0,0,0,0,0,0,0,0,0,0,0,4.5m,0
Chambers (Luke),Liverpool,D,0,0,0,0,0,0,0,0,0,0,0,0,0,0,0,0,0,4m,0
Van den Berg,Liverpool,D,0,0,0,0,0,0,0,0,0,0,0,0,0,0,0,0,0,4m,0
Cook (Steve),Nottingham Forest,D,0,0,0,0,0,0,0,0,0,0,0,0,0,0,0,0,0,4.5m,0
Laryea,Nottingham Forest,D,0,0,0,0,0,0,0,0,0,0,0,0,0,0,0,0,0,4.5m,0
Kongolo,Fulham,D,0,0,0,0,0,0,0,0,0,0,0,0,0,0,0,0,0,4m,0
Spence,Tottenham,D,0,0,0,0,0,0,0,0,0,0,0,0,0,0,0,0,0,4m,0
Mosquera,Wolves,D,0,0,0,0,0,0,0,0,0,0,0,0,0,0,0,0,0,4m,0
J.Otto,Wolves,D,0,0,0,0,0,0,0,0,0,0,0,0,0,0,0,0,0,4.3m,0
Hoever,Wolves,D,0,0,0,0,0,0,0,0,0,0,0,0,0,0,0,0,0,4m,0
Bolla,Wolves,D,0,0,0,0,0,0,0,0,0,0,0,0,0,0,0,0,0,4m,0
Kehrer,West Ham,D,0,0,0,0,0,0,0,0,0,0,0,0,0,0,0,0,0,4.2m,0
Phillips,Tottenham,D,0,0,0,0,0,0,0,0,0,0,0,0,0,0,0,0,0,4m,0
Tanganga,Tottenham,D,0,0,0,0,0,0,0,0,0,0,0,0,0,0,0,0,0,4m,0
Sanchez (Davinson),Tottenham,D,0,0,0,0,0,0,0,0,0,0,0,0,0,0,0,0,0,4.4m,0
Mbe Soh,Nottingham Forest,D,0,0,0,0,0,0,0,0,0,0,0,0,0,0,0,0,0,4m,0
Rodon,Tottenham,D,0,0,0,0,0,0,0,0,0,0,0,0,0,0,0,0,0,4m,0
Perisic,Tottenham,D,0,0,0,0,0,0,0,0,0,0,0,0,0,0,0,0,0,4.7m,0
Dier,Tottenham,D,0,0,0,0,0,0,0,0,0,0,0,0,0,0,0,0,0,4.2m,0
Thomas,Sheffield Utd,D,0,0,0,0,0,0,0,0,0,0,0,0,0,0,0,0,0,4m,0
Richards (Omar),Nottingham Forest,D,0,0,0,0,0,0,0,0,0,0,0,0,0,0,0,0,0,4.4m,0
Panzo,Nottingham Forest,D,0,0,0,0,0,0,0,0,0,0,0,0,0,0,0,0,0,4m,0
McKenna,Nottingham Forest,D,0,0,0,0,0,0,0,0,0,0,0,0,0,0,0,0,0,4.4m,0
Whiteman,Tottenham,GK,0,0,0,0,0,0,0,0,0,0,0,0,0,0,0,0,0,3.9m,0
Powell,Nottingham Forest,D,0,0,0,0,0,0,0,0,0,0,0,0,0,0,0,0,0,3.9m,0
Ayari,Brighton,M,0,0,0,0,0,0,0,0,0,0,0,0,0,0,0,0,0,4.5m,0
Arter,Nottingham Forest,M,0,0,0,0,0,0,0,0,0,0,0,0,0,0,0,0,0,4.3m,0
Marquinhos,Arsenal,M,0,0,0,0,0,0,0,0,0,0,0,0,0,0,0,0,0,4.5m,0
N.Lemina,Wolves,M,0,0,0,0,0,0,0,0,0,0,0,0,0,0,0,0,0,5m,0
Griffiths,Wolves,M,0,0,0,0,0,0,0,0,0,0,0,0,0,0,0,0,0,4.5m,0
Orford,West Ham,M,0,0,0,0,0,0,0,0,0,0,0,0,0,0,0,0,0,4.5m,0
Yago Santiago,Tottenham,M,0,0,0,0,0,0,0,0,0,0,0,0,0,0,0,0,0,4.5m,0
Reyna,Nottingham Forest,M,0,0,0,0,0,0,0,0,0,0,0,0,0,0,0,0,0,5m,0
McDonnell,Nottingham Forest,M,0,0,0,0,0,0,0,0,0,0,0,0,0,0,0,0,0,4.5m,0
Hernes,Newcastle,M,0,0,0,0,0,0,0,0,0,0,0,0,0,0,0,0,0,4.5m,0
Xhaka,Arsenal,M,0,0,0,0,0,0,0,0,0,0,0,0,0,0,0,0,0,6m,0
White,Newcastle,M,0,0,0,0,0,0,0,0,0,0,0,0,0,0,0,0,0,4.5m,0
Tonali,Newcastle,M,0,0,0,0,0,0,0,0,0,0,0,0,0,0,0,0,0,5.2m,0
Forson,Man Utd,M,0,0,0,0,0,0,0,0,0,0,0,0,0,0,0,0,0,4.4m,0
Hamilton,Man City,M,0,0,0,0,0,0,0,0,0,0,0,0,0,0,0,0,0,4.5m,0
Susoho,Man City,M,0,0,0,0,0,0,0,0,0,0,0,0,0,0,0,0,0,4.5m,0
Nelson,Luton,M,0,0,0,0,0,0,0,0,0,0,0,0,0,0,0,0,0,4.5m,0
Gordon,Liverpool,M,0,0,0,0,0,0,0,0,0,0,0,0,0,0,0,0,0,4.5m,0
Pepe,Arsenal,M,0,0,0,0,0,0,0,0,0,0,0,0,0,0,0,0,0,4.9m,0
Coutinho,Aston Villa,M,0,0,0,0,0,0,0,0,0,0,0,0,0,0,0,0,0,5.8m,0
McConnell,Liverpool,M,0,0,0,0,0,0,0,0,0,0,0,0,0,0,0,0,0,4.4m,0
Rothwell,Bournemouth,M,0,0,0,0,0,0,0,0,0,0,0,0,0,0,0,0,0,4.8m,0
Alzate,Brighton,M,0,0,0,0,0,0,0,0,0,0,0,0,0,0,0,0,0,4.4m,0
Peart-Harris,Brentford,M,0,0,0,0,0,0,0,0,0,0,0,0,0,0,0,0,0,4.5m,0
Olakigbe,Brentford,M,0,0,0,0,0,0,0,0,0,0,0,0,0,0,0,0,0,4.5m,0
Trevitt,Brentford,M,0,0,0,0,0,0,0,0,0,0,0,0,0,0,0,0,0,4.5m,0
Canos,Brentford,M,0,0,0,0,0,0,0,0,0,0,0,0,0,0,0,0,0,5m,0
Bidstrup,Brentford,M,0,0,0,0,0,0,0,0,0,0,0,0,0,0,0,0,0,4.5m,0
Hamed Traore,Bournemouth,M,0,0,0,0,0,0,0,0,0,0,0,0,0,0,0,0,0,4.7m,0
Pearson,Bournemouth,M,0,0,0,0,0,0,0,0,0,0,0,0,0,0,0,0,0,4.5m,0
Dendoncker,Aston Villa,M,0,0,0,0,0,0,0,0,0,0,0,0,0,0,0,0,0,4.9m,0
Marcondes,Bournemouth,M,0,0,0,0,0,0,0,0,0,0,0,0,0,0,0,0,0,4.3m,0
Lowe,Bournemouth,M,0,0,0,0,0,0,0,0,0,0,0,0,0,0,0,0,0,4.9m,0
Dembele,Bournemouth,M,0,0,0,0,0,0,0,0,0,0,0,0,0,0,0,0,0,4.5m,0
Brooks,Bournemouth,M,0,0,0,0,0,0,0,0,0,0,0,0,0,0,0,0,0,4.7m,0
Anthony,Bournemouth,M,0,0,0,0,0,0,0,0,0,0,0,0,0,0,0,0,0,4.9m,0
Sanson,Aston Villa,M,0,0,0,0,0,0,0,0,0,0,0,0,0,0,0,0,0,4.5m,0
Philogene,Aston Villa,M,0,0,0,0,0,0,0,0,0,0,0,0,0,0,0,0,0,4.5m,0
Nyoni,Liverpool,M,0,0,0,0,0,0,0,0,0,0,0,0,0,0,0,0,0,4.5m,0
Clark,Liverpool,M,0,0,0,0,0,0,0,0,0,0,0,0,0,0,0,0,0,4.4m,0
Amissah,Sheffield Utd,GK,0,0,0,0,0,0,0,0,0,0,0,0,0,0,0,0,0,3.9m,0
McGill,Brighton,GK,0,0,0,0,0,0,0,0,0,0,0,0,0,0,0,0,0,3.9m,0
Tanton,Fulham,D,0,0,0,0,0,0,0,0,0,0,0,0,0,0,0,0,0,4m,0
Matip,Liverpool,D,0,0,0,0,0,0,0,0,0,0,0,0,0,0,0,0,0,4.8m,0
Wright,Aston Villa,GK,0,0,0,0,0,0,0,0,0,0,0,0,0,0,0,0,0,4m,0
Angelini,Brentford,GK,0,0,0,0,0,0,0,0,0,0,0,0,0,0,0,0,0,4m,0
Lockyer,Luton,D,0,0,0,0,0,0,0,0,0,0,0,0,0,0,0,0,0,4.2m,0
Hashioka,Luton,D,0,0,0,0,0,0,0,0,0,0,0,0,0,0,0,0,0,4m,0
Valdimarsson,Brentford,GK,0,0,0,0,0,0,0,0,0,0,0,0,0,0,0,0,0,4m,0
Franchi,Burnley,GK,0,0,0,0,0,0,0,0,0,0,0,0,0,0,0,0,0,3.9m,0
Campbell,Everton,D,0,0,0,0,0,0,0,0,0,0,0,0,0,0,0,0,0,4m,0
Bennett,Man Utd,D,0,0,0,0,0,0,0,0,0,0,0,0,0,0,0,0,0,4m,0
Bettinelli,Chelsea,GK,0,0,0,0,0,0,0,0,0,0,0,0,0,0,0,0,0,4m,0
Benda,Fulham,GK,0,0,0,0,0,0,0,0,0,0,0,0,0,0,0,0,0,4m,0
Adrian,Liverpool,GK,0,0,0,0,0,0,0,0,0,0,0,0,0,0,0,0,0,3.9m,0
Shea,Luton,GK,0,0,0,0,0,0,0,0,0,0,0,0,0,0,0,0,0,4.3m,0
Carson,Man City,GK,0,0,0,0,0,0,0,0,0,0,0,0,0,0,0,0,0,3.8m,0
Gillespie,Newcastle,GK,0,0,0,0,0,0,0,0,0,0,0,0,0,0,0,0,0,3.9m,0
De Fougerolles,Fulham,D,0,0,0,0,0,0,0,0,0,0,0,0,0,0,0,0,0,3.9m,0
Munoz,Crystal Palace,D,0,0,0,0,0,0,0,0,0,0,0,0,0,0,0,0,0,4.5m,0
Metcalfe,Everton,M,0,0,0,0,0,0,0,0,0,0,0,0,0,0,0,0,0,4.5m,0
Nwaneri,Arsenal,M,0,0,0,0,0,0,0,0,0,0,0,0,0,0,0,0,0,4.5m,0
Casadei,Chelsea,M,0,0,0,0,0,0,0,0,0,0,0,0,0,0,0,0,0,4.5m,0
Castledine,Chelsea,M,0,0,0,0,0,0,0,0,0,0,0,0,0,0,0,0,0,4.5m,0
Andrey,Chelsea,M,0,0,0,0,0,0,0,0,0,0,0,0,0,0,0,0,0,4.3m,0
Redmond,Burnley,M,0,0,0,0,0,0,0,0,0,0,0,0,0,0,0,0,0,4.7m,0
Phillips (Nathaniel),Liverpool,D,0,0,0,0,0,0,0,0,0,0,0,0,0,0,0,0,0,4m,0
Peupion,Brighton,M,0,0,0,0,0,0,0,0,0,0,0,0,0,0,0,0,0,4.5m,0
O'Reilly,Aston Villa,M,0,0,0,0,0,0,0,0,0,0,0,0,0,0,0,0,0,4.5m,0
Lewis-Skelly,Arsenal,M,0,0,0,0,0,0,0,0,0,0,0,0,0,0,0,0,0,4.5m,0
M.Sarr,Chelsea,D,0,0,0,0,0,0,0,0,0,0,0,0,0,0,0,0,0,4.3m,0
Ibrahim,Arsenal,M,0,0,0,0,0,0,0,0,0,0,0,0,0,0,0,0,0,4.5m,0
Sagoe,Arsenal,M,0,0,0,0,0,0,0,0,0,0,0,0,0,0,0,0,0,4.5m,0
Walters,Arsenal,D,0,0,0,0,0,0,0,0,0,0,0,0,0,0,0,0,0,4m,0
Hause,Aston Villa,D,0,0,0,0,0,0,0,0,0,0,0,0,0,0,0,0,0,3.9m,0
Kesler-Hayden,Aston Villa,D,0,0,0,0,0,0,0,0,0,0,0,0,0,0,0,0,0,4m,0
Kinsey-Wellings,Bournemouth,D,0,0,0,0,0,0,0,0,0,0,0,0,0,0,0,0,0,4m,0
Henry,Brentford,D,0,0,0,0,0,0,0,0,0,0,0,0,0,0,0,0,0,4.3m,0
Fredrick,Brentford,D,0,0,0,0,0,0,0,0,0,0,0,0,0,0,0,0,0,4m,0
Kalajdzic,Wolves,F,0,0,0,0,0,0,0,0,0,0,0,0,0,0,0,0,0,4.9m,0
