"element","fixture","opponent_team","total_points","was_home","kickoff_time","team_h_score","team_a_score","round","minutes","goals_scored","assists","clean_sheets","goals_conceded","own_goals","penalties_saved","penalties_missed","yellow_cards","red_cards","saves","bonus","bps","influence","creativity","threat","ict_index","starts","expected_goals","expected_assists","expected_goal_involvements","expected_goals_conceded","value","transfers_balance","selected","transfers_in","transfers_out"
1,2,20,0,TRUE,"2024-08-17T14:00:00Z",2,0,1,0,0,0,0,0,0,0,0,0,0,0,0,0,"0.0","0.0","0.0","0.0",0,"0.00","0.00","0.00","0.00",55,0,2923,0,0
2,2,20,0,TRUE,"2024-08-17T14:00:00Z",2,0,1,5,0,0,0,0,0,0,0,1,0,0,0,1,"0.2","0.8","0.0","0.1",0,"0.00","0.00","0.00","0.15",70,0,199810,0,0
3,2,20,6,TRUE,"2024-08-17T14:00:00Z",2,0,1,90,0,0,1,0,0,0,0,0,0,0,0,22,"13.8","1.4","8.0","2.3",1,"0.12","0.02","0.14","0.47",60,0,1167503,0,0
4,2,20,12,TRUE,"2024-08-17T14:00:00Z",2,0,1,90,1,1,1,0,0,0,0,0,0,0,3,48,"54.8","24.1","46.0","12.5",1,"0.45","0.04","0.49","0.47",80,0,1087445,0,0
5,2,20,0,TRUE,"2024-08-17T14:00:00Z",2,0,1,0,0,0,0,0,0,0,0,0,0,0,0,0,"0.0","0.0","0.0","0.0",0,"0.00","0.00","0.00","0.00",40,0,7300,0,0
6,2,20,1,TRUE,"2024-08-17T14:00:00Z",2,0,1,21,0,0,0,0,0,0,0,0,0,0,0,2,"0.0","0.8","8.0","0.8",0,"0.02","0.01","0.03","0.15",55,0,73714,0,0
7,2,20,0,TRUE,"2024-08-17T14:00:00Z",2,0,1,0,0,0,0,0,0,0,0,0,0,0,0,0,"0.0","0.0","0.0","0.0",0,"0.00","0.00","0.00","0.00",50,0,25861,0,0
8,2,20,0,TRUE,"2024-08-17T14:00:00Z",2,0,1,0,0,0,0,0,0,0,0,0,0,0,0,0,"0.0","0.0","0.0","0.0",0,"0.00","0.00","0.00","0.00",50,0,16779,0,0
9,2,20,3,TRUE,"2024-08-17T14:00:00Z",2,0,1,90,0,0,1,0,0,0,0,0,0,0,0,16,"13.6","36.7","25.0","7.5",1,"0.08","0.19","0.27","0.47",70,0,253825,0,0
10,2,20,0,TRUE,"2024-08-17T14:00:00Z",2,0,1,0,0,0,0,0,0,0,0,0,0,0,0,0,"0.0","0.0","0.0","0.0",0,"0.00","0.00","0.00","0.00",50,0,3576,0,0
11,2,20,0,TRUE,"2024-08-17T14:00:00Z",2,0,1,0,0,0,0,0,0,0,0,0,0,0,0,0,"0.0","0.0","0.0","0.0",0,"0.00","0.00","0.00","0.00",60,0,31675,0,0
12,2,20,0,TRUE,"2024-08-17T14:00:00Z",2,0,1,0,0,0,0,0,0,0,0,0,0,0,0,0,"0.0","0.0","0.0","0.0",0,"0.00","0.00","0.00","0.00",45,0,16484,0,0
13,2,20,3,TRUE,"2024-08-17T14:00:00Z",2,0,1,90,0,0,1,0,0,0,0,0,0,0,0,16,"15.0","24.0","15.0","5.4",1,"0.02","0.06","0.08","0.47",85,0,1391537,0,0
14,2,20,0,TRUE,"2024-08-17T14:00:00Z",2,0,1,0,0,0,0,0,0,0,0,0,0,0,0,0,"0.0","0.0","0.0","0.0",0,"0.00","0.00","0.00","0.00",45,0,68531,0,0
15,2,20,8,TRUE,"2024-08-17T14:00:00Z",2,0,1,90,0,0,1,0,0,0,0,0,0,3,1,28,"28.0","0.0","0.0","2.8",1,"0.00","0.00","0.00","0.47",55,0,2143198,0,0
16,2,20,3,TRUE,"2024-08-17T14:00:00Z",2,0,1,84,0,0,1,0,0,0,0,0,0,0,0,9,"6.6","13.4","8.0","2.8",1,"0.09","0.05","0.14","0.32",65,0,552723,0,0
17,2,20,12,TRUE,"2024-08-17T14:00:00Z",2,0,1,79,1,1,1,0,0,0,0,1,0,0,2,42,"64.2","61.7","78.0","20.4",1,"0.35","0.37","0.72","0.32",100,0,2763895,0,0
18,2,20,6,TRUE,"2024-08-17T14:00:00Z",2,0,1,90,0,0,1,0,0,0,0,0,0,0,0,26,"14.8","0.9","0.0","1.6",1,"0.00","0.00","0.00","0.47",60,0,3490919,0,0
20,2,20,3,TRUE,"2024-08-17T14:00:00Z",2,0,1,90,0,0,1,0,0,0,0,0,0,0,0,16,"14.4","43.6","1.0","5.9",1,"0.06","0.06","0.12","0.47",50,0,6975,0,0
21,2,20,0,TRUE,"2024-08-17T14:00:00Z",2,0,1,0,0,0,0,0,0,0,0,0,0,0,0,0,"0.0","0.0","0.0","0.0",0,"0.00","0.00","0.00","0.00",45,0,5469,0,0
22,2,20,0,TRUE,"2024-08-17T14:00:00Z",2,0,1,0,0,0,0,0,0,0,0,0,0,0,0,0,"0.0","0.0","0.0","0.0",0,"0.00","0.00","0.00","0.00",50,0,8462,0,0
23,2,20,1,TRUE,"2024-08-17T14:00:00Z",2,0,1,10,0,0,0,0,0,0,0,0,0,0,0,2,"4.2","0.3","0.0","0.5",0,"0.00","0.00","0.00","0.15",70,0,192689,0,0
24,2,20,6,TRUE,"2024-08-17T14:00:00Z",2,0,1,90,0,0,1,0,0,0,0,0,0,0,0,22,"5.8","1.3","8.0","1.5",1,"0.07","0.06","0.13","0.47",65,0,927335,0,0
25,2,20,6,TRUE,"2024-08-17T14:00:00Z",2,0,1,68,0,0,1,0,0,0,0,0,0,0,0,22,"7.2","4.9","6.0","1.8",1,"0.00","0.04","0.04","0.32",50,0,230223,0,0
578,2,20,0,TRUE,"2024-08-17T14:00:00Z",2,0,1,0,0,0,0,0,0,0,0,0,0,0,0,0,"0.0","0.0","0.0","0.0",0,"0.00","0.00","0.00","0.00",60,0,226287,0,0
597,2,20,0,TRUE,"2024-08-17T14:00:00Z",2,0,1,0,0,0,0,0,0,0,0,0,0,0,0,0,"0.0","0.0","0.0","0.0",0,"0.00","0.00","0.00","0.00",45,0,1740,0,0
26,7,19,0,FALSE,"2024-08-17T16:30:00Z",1,2,1,0,0,0,0,0,0,0,0,0,0,0,0,0,"0.0","0.0","0.0","0.0",0,"0.00","0.00","0.00","0.00",45,0,60127,0,0
28,7,19,1,FALSE,"2024-08-17T16:30:00Z",1,2,1,73,0,0,0,1,0,0,0,1,0,0,0,1,"0.0","30.5","13.0","4.2",1,"0.21","0.21","0.42","1.39",65,0,328252,0,0
29,7,19,0,FALSE,"2024-08-17T16:30:00Z",1,2,1,0,0,0,0,0,0,0,0,0,0,0,0,0,"0.0","0.0","0.0","0.0",0,"0.00","0.00","0.00","0.00",55,0,77081,0,0
30,7,19,0,FALSE,"2024-08-17T16:30:00Z",1,2,1,0,0,0,0,0,0,0,0,0,0,0,0,0,"0.0","0.0","0.0","0.0",0,"0.00","0.00","0.00","0.00",50,0,4608,0,0
31,7,19,0,FALSE,"2024-08-17T16:30:00Z",1,2,1,0,0,0,0,0,0,0,0,0,0,0,0,0,"0.0","0.0","0.0","0.0",0,"0.00","0.00","0.00","0.00",55,0,12149,0,0
32,7,19,2,FALSE,"2024-08-17T16:30:00Z",1,2,1,81,0,0,0,1,0,0,0,0,0,0,0,7,"9.0","12.4","2.0","2.3",1,"0.00","0.01","0.01","1.41",45,0,263349,0,0
33,7,19,0,FALSE,"2024-08-17T16:30:00Z",1,2,1,0,0,0,0,0,0,0,0,0,0,0,0,0,"0.0","0.0","0.0","0.0",0,"0.00","0.00","0.00","0.00",45,0,82976,0,0
34,7,19,0,FALSE,"2024-08-17T16:30:00Z",1,2,1,0,0,0,0,0,0,0,0,0,0,0,0,0,"0.0","0.0","0.0","0.0",0,"0.00","0.00","0.00","0.00",65,0,5025,0,0
35,7,19,0,FALSE,"2024-08-17T16:30:00Z",1,2,1,0,0,0,0,0,0,0,0,0,0,0,0,0,"0.0","0.0","0.0","0.0",0,"0.00","0.00","0.00","0.00",45,0,50517,0,0
36,7,19,2,FALSE,"2024-08-17T16:30:00Z",1,2,1,73,0,0,0,1,0,0,0,0,0,0,0,14,"14.4","19.2","0.0","3.4",1,"0.00","0.13","0.13","1.39",45,0,196248,0,0
37,7,19,0,FALSE,"2024-08-17T16:30:00Z",1,2,1,0,0,0,0,0,0,0,0,0,0,0,0,0,"0.0","0.0","0.0","0.0",0,"0.00","0.00","0.00","0.00",50,0,478,0,0
38,7,19,6,FALSE,"2024-08-17T16:30:00Z",1,2,1,28,1,0,0,0,0,0,0,0,0,0,1,30,"34.4","2.1","23.0","6.0",0,"0.38","0.00","0.38","1.17",60,0,23567,0,0
39,7,19,0,FALSE,"2024-08-17T16:30:00Z",1,2,1,0,0,0,0,0,0,0,0,0,0,0,0,0,"0.0","0.0","0.0","0.0",0,"0.00","0.00","0.00","0.00",40,0,37657,0,0
40,7,19,0,FALSE,"2024-08-17T16:30:00Z",1,2,1,0,0,0,0,0,0,0,0,0,0,0,0,0,"0.0","0.0","0.0","0.0",0,"0.00","0.00","0.00","0.00",40,0,46204,0,0
41,7,19,0,FALSE,"2024-08-17T16:30:00Z",1,2,1,0,0,0,0,0,0,0,0,0,0,0,0,0,"0.0","0.0","0.0","0.0",0,"0.00","0.00","0.00","0.00",55,0,6971,0,0
42,7,19,0,FALSE,"2024-08-17T16:30:00Z",1,2,1,0,0,0,0,0,0,0,0,0,0,0,0,0,"0.0","0.0","0.0","0.0",0,"0.00","0.00","0.00","0.00",50,0,287,0,0
43,7,19,0,FALSE,"2024-08-17T16:30:00Z",1,2,1,0,0,0,0,0,0,0,0,0,0,0,0,0,"0.0","0.0","0.0","0.0",0,"0.00","0.00","0.00","0.00",40,0,2538,0,0
44,7,19,2,FALSE,"2024-08-17T16:30:00Z",1,2,1,90,0,0,0,1,0,0,0,0,0,0,0,10,"13.4","14.1","7.0","3.5",1,"0.07","0.01","0.08","2.46",45,0,1165894,0,0
45,7,19,1,FALSE,"2024-08-17T16:30:00Z",1,2,1,16,0,0,0,0,0,0,0,0,0,0,0,5,"8.8","10.5","0.0","1.9",0,"0.00","0.04","0.04","1.06",50,0,328876,0,0
46,7,19,0,FALSE,"2024-08-17T16:30:00Z",1,2,1,0,0,0,0,0,0,0,0,0,0,0,0,0,"0.0","0.0","0.0","0.0",0,"0.00","0.00","0.00","0.00",40,0,165,0,0
47,7,19,3,FALSE,"2024-08-17T16:30:00Z",1,2,1,90,0,0,0,1,0,0,0,0,0,3,0,11,"25.8","0.0","0.0","2.6",1,"0.00","0.00","0.00","2.46",50,0,1108383,0,0
48,7,19,2,FALSE,"2024-08-17T16:30:00Z",1,2,1,61,0,0,0,1,0,0,0,0,0,0,0,6,"1.6","2.6","15.0","1.9",1,"0.30","0.01","0.31","1.28",55,0,204217,0,0
49,7,19,0,FALSE,"2024-08-17T16:30:00Z",1,2,1,0,0,0,0,0,0,0,0,0,0,0,0,0,"0.0","0.0","0.0","0.0",0,"0.00","0.00","0.00","0.00",45,0,7726,0,0
50,7,19,1,FALSE,"2024-08-17T16:30:00Z",1,2,1,8,0,0,0,0,0,0,0,0,0,0,0,6,"4.2","0.3","0.0","0.5",0,"0.00","0.00","0.00","1.04",40,0,26790,0,0
51,7,19,0,FALSE,"2024-08-17T16:30:00Z",1,2,1,0,0,0,0,0,0,0,0,0,0,0,0,0,"0.0","0.0","0.0","0.0",0,"0.00","0.00","0.00","0.00",45,0,9628,0,0
52,7,19,2,FALSE,"2024-08-17T16:30:00Z",1,2,1,90,0,0,0,1,0,0,0,0,0,0,0,17,"29.2","1.9","0.0","3.1",1,"0.00","0.01","0.01","2.46",45,0,122710,0,0
53,7,19,4,FALSE,"2024-08-17T16:30:00Z",1,2,1,28,0,1,0,0,0,0,0,0,0,0,0,18,"18.4","12.3","7.0","3.8",0,"0.06","0.13","0.19","1.17",55,0,22089,0,0
54,7,19,2,FALSE,"2024-08-17T16:30:00Z",1,2,1,90,0,0,0,1,0,0,0,0,0,0,0,14,"17.8","23.3","16.0","5.7",1,"0.21","0.08","0.29","2.46",50,0,786621,0,0
55,7,19,0,FALSE,"2024-08-17T16:30:00Z",1,2,1,0,0,0,0,0,0,0,0,0,0,0,0,0,"0.0","0.0","0.0","0.0",0,"0.00","0.00","0.00","0.00",40,0,153,0,0
56,7,19,0,FALSE,"2024-08-17T16:30:00Z",1,2,1,0,0,0,0,0,0,0,0,0,0,0,0,0,"0.0","0.0","0.0","0.0",0,"0.00","0.00","0.00","0.00",40,0,24385,0,0
57,7,19,7,FALSE,"2024-08-17T16:30:00Z",1,2,1,90,0,1,0,1,0,0,0,0,0,0,2,33,"32.4","42.5","4.0","7.9",1,"0.18","0.24","0.42","2.46",55,0,49190,0,0
58,7,19,2,FALSE,"2024-08-17T16:30:00Z",1,2,1,61,0,0,0,1,0,0,0,0,0,0,0,3,"0.0","0.2","4.0","0.3",1,"0.00","0.00","0.00","1.28",90,0,3152729,0,0
233,7,19,10,FALSE,"2024-08-17T16:30:00Z",1,2,1,90,1,0,0,1,0,0,0,0,0,0,3,38,"48.2","4.3","33.0","8.6",1,"0.55","0.01","0.56","2.46",50,0,74901,0,0
569,7,19,0,FALSE,"2024-08-17T16:30:00Z",1,2,1,16,0,0,0,0,0,0,0,1,0,0,0,1,"0.0","1.5","4.0","0.5",0,"0.07","0.01","0.08","1.06",55,0,7043,0,0
598,7,19,0,FALSE,"2024-08-17T16:30:00Z",1,2,1,0,0,0,0,0,0,0,0,0,0,0,0,0,"0.0","0.0","0.0","0.0",0,"0.00","0.00","0.00","0.00",40,0,6352,0,0
59,6,16,0,FALSE,"2024-08-17T14:00:00Z",1,1,1,0,0,0,0,0,0,0,0,0,0,0,0,0,"0.0","0.0","0.0","0.0",0,"0.00","0.00","0.00","0.00",45,0,22340,0,0
60,6,16,0,FALSE,"2024-08-17T14:00:00Z",1,1,1,0,0,0,0,0,0,0,0,0,0,0,0,0,"0.0","0.0","0.0","0.0",0,"0.00","0.00","0.00","0.00",50,0,792,0,0
61,6,16,0,FALSE,"2024-08-17T14:00:00Z",1,1,1,0,0,0,0,0,0,0,0,0,0,0,0,0,"0.0","0.0","0.0","0.0",0,"0.00","0.00","0.00","0.00",45,0,41159,0,0
62,6,16,0,FALSE,"2024-08-17T14:00:00Z",1,1,1,0,0,0,0,0,0,0,0,0,0,0,0,0,"0.0","0.0","0.0","0.0",0,"0.00","0.00","0.00","0.00",50,0,1134,0,0
63,6,16,1,FALSE,"2024-08-17T14:00:00Z",1,1,1,27,0,0,0,0,0,0,0,0,0,0,0,5,"3.6","1.1","2.0","0.7",0,"0.00","0.01","0.01","0.28",50,0,22131,0,0
64,6,16,1,FALSE,"2024-08-17T14:00:00Z",1,1,1,83,0,0,0,1,0,0,0,1,0,0,0,12,"10.8","16.0","0.0","2.7",1,"0.00","0.21","0.21","1.04",50,0,6523,0,0
65,6,16,0,FALSE,"2024-08-17T14:00:00Z",1,1,1,0,0,0,0,0,0,0,0,0,0,0,0,0,"0.0","0.0","0.0","0.0",0,"0.00","0.00","0.00","0.00",55,0,3455,0,0
66,6,16,0,FALSE,"2024-08-17T14:00:00Z",1,1,1,0,0,0,0,0,0,0,0,0,0,0,0,0,"0.0","0.0","0.0","0.0",0,"0.00","0.00","0.00","0.00",50,0,1707,0,0
67,6,16,0,FALSE,"2024-08-17T14:00:00Z",1,1,1,0,0,0,0,0,0,0,0,0,0,0,0,0,"0.0","0.0","0.0","0.0",0,"0.00","0.00","0.00","0.00",45,0,17000,0,0
68,6,16,0,FALSE,"2024-08-17T14:00:00Z",1,1,1,0,0,0,0,0,0,0,0,0,0,0,0,0,"0.0","0.0","0.0","0.0",0,"0.00","0.00","0.00","0.00",40,0,30926,0,0
69,6,16,1,FALSE,"2024-08-17T14:00:00Z",1,1,1,21,0,0,0,0,0,0,0,0,0,0,0,4,"3.2","10.6","2.0","1.6",0,"0.00","0.00","0.00","0.28",45,0,123937,0,0
70,6,16,1,FALSE,"2024-08-17T14:00:00Z",1,1,1,90,0,0,0,1,0,0,0,1,0,0,0,5,"12.0","12.7","2.0","2.7",1,"0.00","0.01","0.01","1.30",45,0,40065,0,0
71,6,16,0,FALSE,"2024-08-17T14:00:00Z",1,1,1,26,0,0,0,0,0,0,0,1,0,0,0,0,"1.8","6.7","6.0","1.5",0,"0.00","0.02","0.02","0.28",55,0,38451,0,0
72,6,16,0,FALSE,"2024-08-17T14:00:00Z",1,1,1,0,0,0,0,0,0,0,0,0,0,0,0,0,"0.0","0.0","0.0","0.0",0,"0.00","0.00","0.00","0.00",45,0,6641,0,0
73,6,16,4,FALSE,"2024-08-17T14:00:00Z",1,1,1,90,0,0,0,1,0,0,0,0,0,7,0,17,"47.0","0.0","0.0","4.7",1,"0.00","0.00","0.00","1.30",45,0,198435,0,0
74,6,16,2,FALSE,"2024-08-17T14:00:00Z",1,1,1,68,0,0,0,1,0,0,0,0,0,0,0,8,"8.2","3.0","11.0","2.2",1,"0.22","0.01","0.23","1.02",50,0,1977,0,0
75,6,16,0,FALSE,"2024-08-17T14:00:00Z",1,1,1,0,0,0,0,0,0,0,0,0,0,0,0,0,"0.0","0.0","0.0","0.0",0,"0.00","0.00","0.00","0.00",40,0,5098,0,0
76,6,16,1,FALSE,"2024-08-17T14:00:00Z",1,1,1,6,0,0,0,0,0,0,0,0,0,0,0,1,"2.0","0.0","2.0","0.4",0,"0.00","0.00","0.00","0.26",50,0,6497,0,0
77,6,16,2,FALSE,"2024-08-17T14:00:00Z",1,1,1,62,0,0,0,1,0,0,0,0,0,0,0,11,"22.8","12.8","0.0","3.6",1,"0.00","0.01","0.01","1.02",50,0,4339,0,0
78,6,16,8,FALSE,"2024-08-17T14:00:00Z",1,1,1,90,1,0,0,1,0,0,0,0,0,0,1,25,"39.0","6.7","53.0","9.9",1,"0.44","0.04","0.48","1.30",55,0,92042,0,0
79,6,16,0,FALSE,"2024-08-17T14:00:00Z",1,1,1,0,0,0,0,0,0,0,0,0,0,0,0,0,"0.0","0.0","0.0","0.0",0,"0.00","0.00","0.00","0.00",50,0,91548,0,0
80,6,16,2,FALSE,"2024-08-17T14:00:00Z",1,1,1,63,0,0,0,1,0,0,0,0,0,0,0,7,"7.0","1.8","23.0","3.2",1,"0.15","0.02","0.17","1.02",50,0,17130,0,0
81,6,16,2,FALSE,"2024-08-17T14:00:00Z",1,1,1,62,0,0,0,1,0,0,0,0,0,0,0,8,"7.8","4.5","0.0","1.2",1,"0.00","0.01","0.01","1.02",45,0,14466,0,0
83,6,16,2,FALSE,"2024-08-17T14:00:00Z",1,1,1,90,0,0,0,1,0,0,0,0,0,0,0,14,"10.2","41.4","27.0","7.9",1,"0.42","0.12","0.54","1.30",55,0,14476,0,0
84,6,16,0,FALSE,"2024-08-17T14:00:00Z",1,1,1,0,0,0,0,0,0,0,0,0,0,0,0,0,"0.0","0.0","0.0","0.0",0,"0.00","0.00","0.00","0.00",45,0,14323,0,0
85,6,16,2,FALSE,"2024-08-17T14:00:00Z",1,1,1,90,0,0,0,1,0,0,0,0,0,0,0,9,"15.6","1.1","0.0","1.7",1,"0.00","0.02","0.02","1.30",45,0,37460,0,0
580,6,16,2,FALSE,"2024-08-17T14:00:00Z",1,1,1,90,0,0,0,1,0,0,0,0,0,0,0,9,"24.8","0.4","0.0","2.5",1,"0.00","0.01","0.01","1.30",45,0,9224,0,0
592,6,16,1,FALSE,"2024-08-17T14:00:00Z",1,1,1,27,0,0,0,0,0,0,0,0,0,0,0,4,"4.2","1.3","0.0","0.6",0,"0.00","0.01","0.01","0.28",45,0,14951,0,0
599,6,16,0,FALSE,"2024-08-17T14:00:00Z",1,1,1,0,0,0,0,0,0,0,0,0,0,0,0,0,"0.0","0.0","0.0","0.0",0,"0.00","0.00","0.00","0.00",40,0,15836,0,0
86,8,7,2,TRUE,"2024-08-18T13:00:00Z",2,1,1,90,0,0,0,1,0,0,0,0,0,0,0,4,"7.8","1.3","33.0","4.2",1,"0.28","0.00","0.28","1.17",45,0,32185,0,0
87,8,7,0,TRUE,"2024-08-18T13:00:00Z",2,1,1,0,0,0,0,0,0,0,0,0,0,0,0,0,"0.0","0.0","0.0","0.0",0,"0.00","0.00","0.00","0.00",45,0,6092,0,0
88,8,7,6,TRUE,"2024-08-18T13:00:00Z",2,1,1,90,0,1,0,1,0,0,0,0,0,0,1,23,"39.4","0.5","17.0","5.7",1,"0.22","0.00","0.22","1.17",45,0,31553,0,0
89,8,7,1,TRUE,"2024-08-18T13:00:00Z",2,1,1,16,0,0,0,0,0,0,0,0,0,0,0,3,"1.8","1.3","0.0","0.3",0,"0.00","0.00","0.00","0.67",50,0,6304,0,0
90,8,7,0,TRUE,"2024-08-18T13:00:00Z",2,1,1,0,0,0,0,0,0,0,0,0,0,0,0,0,"0.0","0.0","0.0","0.0",0,"0.00","0.00","0.00","0.00",50,0,1084,0,0
91,8,7,4,TRUE,"2024-08-18T13:00:00Z",2,1,1,90,0,0,0,1,0,0,0,0,0,6,0,22,"46.4","0.0","0.0","4.6",1,"0.00","0.00","0.00","1.17",45,0,1005914,0,0
92,8,7,0,TRUE,"2024-08-18T13:00:00Z",2,1,1,0,0,0,0,0,0,0,0,0,0,0,0,0,"0.0","0.0","0.0","0.0",0,"0.00","0.00","0.00","0.00",45,0,8033,0,0
93,8,7,0,TRUE,"2024-08-18T13:00:00Z",2,1,1,0,0,0,0,0,0,0,0,0,0,0,0,0,"0.0","0.0","0.0","0.0",0,"0.00","0.00","0.00","0.00",45,0,3440,0,0
94,8,7,2,TRUE,"2024-08-18T13:00:00Z",2,1,1,73,0,0,0,1,0,0,0,0,0,0,0,10,"11.2","15.1","5.0","3.1",1,"0.07","0.03","0.10","0.50",50,0,16717,0,0
95,8,7,2,TRUE,"2024-08-18T13:00:00Z",2,1,1,83,0,0,0,1,0,0,0,0,0,0,0,11,"11.2","17.9","0.0","2.9",1,"0.00","0.03","0.03","0.61",55,0,14932,0,0
96,8,7,0,TRUE,"2024-08-18T13:00:00Z",2,1,1,0,0,0,0,0,0,0,0,0,0,0,0,0,"0.0","0.0","0.0","0.0",0,"0.00","0.00","0.00","0.00",40,0,20997,0,0
97,8,7,0,TRUE,"2024-08-18T13:00:00Z",2,1,1,0,0,0,0,0,0,0,0,0,0,0,0,0,"0.0","0.0","0.0","0.0",0,"0.00","0.00","0.00","0.00",45,0,5009,0,0
98,8,7,1,TRUE,"2024-08-18T13:00:00Z",2,1,1,16,0,0,0,0,0,0,0,0,0,0,0,4,"2.0","0.5","0.0","0.3",0,"0.00","0.00","0.00","0.67",50,0,4328,0,0
99,8,7,9,TRUE,"2024-08-18T13:00:00Z",2,1,1,89,1,0,0,1,0,0,0,0,0,0,2,35,"40.8","50.2","17.0","10.8",1,"0.09","0.45","0.54","1.17",70,0,360975,0,0
100,8,7,1,TRUE,"2024-08-18T13:00:00Z",2,1,1,1,0,0,0,0,0,0,0,0,0,0,0,3,"0.0","0.1","0.0","0.0",0,"0.00","0.00","0.00","0.00",45,0,79075,0,0
101,8,7,2,TRUE,"2024-08-18T13:00:00Z",2,1,1,90,0,0,0,1,0,0,0,0,0,0,0,15,"17.8","12.3","0.0","3.0",1,"0.00","0.01","0.01","1.17",50,0,11239,0,0
102,8,7,1,TRUE,"2024-08-18T13:00:00Z",2,1,1,6,0,0,0,0,0,0,0,0,0,0,0,2,"0.0","0.0","0.0","0.0",0,"0.00","0.00","0.00","0.56",50,0,3770,0,0
103,8,7,0,TRUE,"2024-08-18T13:00:00Z",2,1,1,0,0,0,0,0,0,0,0,0,0,0,0,0,"0.0","0.0","0.0","0.0",0,"0.00","0.00","0.00","0.00",45,0,4262,0,0
104,8,7,0,TRUE,"2024-08-18T13:00:00Z",2,1,1,90,0,0,0,1,1,0,0,0,0,0,0,3,"18.8","0.1","17.0","3.6",1,"0.01","0.00","0.01","1.17",45,0,37981,0,0
105,8,7,2,TRUE,"2024-08-18T13:00:00Z",2,1,1,90,0,0,0,1,0,0,0,0,0,0,0,4,"7.6","1.2","0.0","0.9",1,"0.00","0.00","0.00","1.17",45,0,8169,0,0
106,8,7,2,TRUE,"2024-08-18T13:00:00Z",2,1,1,73,0,0,0,1,0,0,0,0,0,0,0,-2,"6.8","0.9","8.0","1.6",1,"0.13","0.01","0.14","0.50",55,0,6235,0,0
107,8,7,0,TRUE,"2024-08-18T13:00:00Z",2,1,1,0,0,0,0,0,0,0,0,0,0,0,0,0,"0.0","0.0","0.0","0.0",0,"0.00","0.00","0.00","0.00",60,0,3171,0,0
108,8,7,0,TRUE,"2024-08-18T13:00:00Z",2,1,1,0,0,0,0,0,0,0,0,0,0,0,0,0,"0.0","0.0","0.0","0.0",0,"0.00","0.00","0.00","0.00",75,0,809422,0,0
109,8,7,0,TRUE,"2024-08-18T13:00:00Z",2,1,1,0,0,0,0,0,0,0,0,0,0,0,0,0,"0.0","0.0","0.0","0.0",0,"0.00","0.00","0.00","0.00",40,0,372148,0,0
110,8,7,11,TRUE,"2024-08-18T13:00:00Z",2,1,1,83,1,1,0,1,0,0,0,1,0,0,3,47,"50.2","14.2","44.0","10.8",1,"1.00","0.01","1.01","0.61",60,0,232431,0,0
111,8,7,0,TRUE,"2024-08-18T13:00:00Z",2,1,1,0,0,0,0,0,0,0,0,0,0,0,0,0,"0.0","0.0","0.0","0.0",0,"0.00","0.00","0.00","0.00",45,0,263488,0,0
112,8,7,0,TRUE,"2024-08-18T13:00:00Z",2,1,1,0,0,0,0,0,0,0,0,0,0,0,0,0,"0.0","0.0","0.0","0.0",0,"0.00","0.00","0.00","0.00",45,0,5300,0,0
314,8,7,1,TRUE,"2024-08-18T13:00:00Z",2,1,1,6,0,0,0,0,0,0,0,0,0,0,0,5,"2.2","0.3","0.0","0.3",0,"0.00","0.00","0.00","0.56",50,0,130410,0,0
602,8,7,0,TRUE,"2024-08-18T13:00:00Z",2,1,1,0,0,0,0,0,0,0,0,0,0,0,0,0,"0.0","0.0","0.0","0.0",0,"0.00","0.00","0.00","0.00",45,0,2327,0,0
113,3,8,6,FALSE,"2024-08-17T14:00:00Z",0,3,1,45,1,0,0,0,0,0,0,0,0,0,0,24,"39.6","6.5","26.0","7.2",0,"0.17","0.05","0.22","0.21",55,0,42304,0,0
114,3,8,0,FALSE,"2024-08-17T14:00:00Z",0,3,1,0,0,0,0,0,0,0,0,0,0,0,0,0,"0.0","0.0","0.0","0.0",0,"0.00","0.00","0.00","0.00",45,0,744,0,0
115,3,8,0,FALSE,"2024-08-17T14:00:00Z",0,3,1,0,0,0,0,0,0,0,0,0,0,0,0,0,"0.0","0.0","0.0","0.0",0,"0.00","0.00","0.00","0.00",50,0,3519,0,0
116,3,8,0,FALSE,"2024-08-17T14:00:00Z",0,3,1,0,0,0,0,0,0,0,0,0,0,0,0,0,"0.0","0.0","0.0","0.0",0,"0.00","0.00","0.00","0.00",40,0,2127451,0,0
118,3,8,0,FALSE,"2024-08-17T14:00:00Z",0,3,1,0,0,0,0,0,0,0,0,0,0,0,0,0,"0.0","0.0","0.0","0.0",0,"0.00","0.00","0.00","0.00",45,0,13388,0,0
119,3,8,0,FALSE,"2024-08-17T14:00:00Z",0,3,1,0,0,0,0,0,0,0,0,0,0,0,0,0,"0.0","0.0","0.0","0.0",0,"0.00","0.00","0.00","0.00",50,0,2851,0,0
120,3,8,6,FALSE,"2024-08-17T14:00:00Z",0,3,1,75,0,0,1,0,0,0,0,0,0,0,0,23,"7.0","0.3","6.0","1.3",1,"0.07","0.00","0.07","0.45",45,0,367736,0,0
121,3,8,0,FALSE,"2024-08-17T14:00:00Z",0,3,1,0,0,0,0,0,0,0,0,0,0,0,0,0,"0.0","0.0","0.0","0.0",0,"0.00","0.00","0.00","0.00",55,0,6559,0,0
122,3,8,0,FALSE,"2024-08-17T14:00:00Z",0,3,1,0,0,0,0,0,0,0,0,0,0,0,0,0,"0.0","0.0","0.0","0.0",0,"0.00","0.00","0.00","0.00",50,0,9056,0,0
123,3,8,0,FALSE,"2024-08-17T14:00:00Z",0,3,1,0,0,0,0,0,0,0,0,0,0,0,0,0,"0.0","0.0","0.0","0.0",0,"0.00","0.00","0.00","0.00",55,0,9342,0,0
124,3,8,1,FALSE,"2024-08-17T14:00:00Z",0,3,1,8,0,0,0,0,0,0,0,0,0,0,0,4,"0.4","7.6","0.0","0.8",0,"0.00","0.00","0.00","0.00",50,0,14848,0,0
125,3,8,0,FALSE,"2024-08-17T14:00:00Z",0,3,1,0,0,0,0,0,0,0,0,0,0,0,0,0,"0.0","0.0","0.0","0.0",0,"0.00","0.00","0.00","0.00",65,0,10739,0,0
126,3,8,3,FALSE,"2024-08-17T14:00:00Z",0,3,1,90,0,0,1,0,0,0,0,0,0,0,0,14,"11.8","6.1","2.0","2.0",1,"0.00","0.01","0.01","0.45",50,0,2263,0,0
127,3,8,0,FALSE,"2024-08-17T14:00:00Z",0,3,1,0,0,0,0,0,0,0,0,0,0,0,0,0,"0.0","0.0","0.0","0.0",0,"0.00","0.00","0.00","0.00",50,0,1515,0,0
128,3,8,0,FALSE,"2024-08-17T14:00:00Z",0,3,1,0,0,0,0,0,0,0,0,0,0,0,0,0,"0.0","0.0","0.0","0.0",0,"0.00","0.00","0.00","0.00",45,0,9855,0,0
129,3,8,2,FALSE,"2024-08-17T14:00:00Z",0,3,1,81,0,0,1,0,0,0,0,0,0,0,0,9,"5.0","10.8","7.0","2.3",1,"0.03","0.02","0.05","0.45",55,0,1623770,0,0
130,3,8,0,FALSE,"2024-08-17T14:00:00Z",0,3,1,0,0,0,0,0,0,0,0,0,0,0,0,0,"0.0","0.0","0.0","0.0",0,"0.00","0.00","0.00","0.00",45,0,156,0,0
131,3,8,0,FALSE,"2024-08-17T14:00:00Z",0,3,1,0,0,0,0,0,0,0,0,0,0,0,0,0,"0.0","0.0","0.0","0.0",0,"0.00","0.00","0.00","0.00",45,0,21842,0,0
132,3,8,0,FALSE,"2024-08-17T14:00:00Z",0,3,1,0,0,0,0,0,0,0,0,0,0,0,0,0,"0.0","0.0","0.0","0.0",0,"0.00","0.00","0.00","0.00",65,0,612,0,0
133,3,8,0,FALSE,"2024-08-17T14:00:00Z",0,3,1,0,0,0,0,0,0,0,0,0,0,0,0,0,"0.0","0.0","0.0","0.0",0,"0.00","0.00","0.00","0.00",45,0,3835,0,0
134,3,8,2,FALSE,"2024-08-17T14:00:00Z",0,3,1,81,0,0,1,0,0,0,0,1,0,0,0,10,"22.4","43.8","4.0","7.0",1,"0.00","0.11","0.11","0.45",50,0,5694,0,0
135,3,8,4,FALSE,"2024-08-17T14:00:00Z",0,3,1,45,0,1,0,0,0,0,0,0,0,0,0,18,"25.0","31.4","8.0","6.4",1,"0.00","0.65","0.65","0.25",55,0,119994,0,0
136,3,8,8,FALSE,"2024-08-17T14:00:00Z",0,3,1,88,1,0,1,0,0,0,0,0,0,0,0,27,"48.2","4.1","80.0","13.2",1,"0.97","0.04","1.01","0.45",65,0,164023,0,0
137,3,8,0,FALSE,"2024-08-17T14:00:00Z",0,3,1,0,0,0,0,0,0,0,0,0,0,0,0,0,"0.0","0.0","0.0","0.0",0,"0.00","0.00","0.00","0.00",45,0,32773,0,0
138,3,8,0,FALSE,"2024-08-17T14:00:00Z",0,3,1,0,0,0,0,0,0,0,0,0,0,0,0,0,"0.0","0.0","0.0","0.0",0,"0.00","0.00","0.00","0.00",45,0,47927,0,0
139,3,8,0,FALSE,"2024-08-17T14:00:00Z",0,3,1,0,0,0,0,0,0,0,0,0,0,0,0,0,"0.0","0.0","0.0","0.0",0,"0.00","0.00","0.00","0.00",40,0,12397,0,0
140,3,8,0,FALSE,"2024-08-17T14:00:00Z",0,3,1,0,0,0,0,0,0,0,0,0,0,0,0,0,"0.0","0.0","0.0","0.0",0,"0.00","0.00","0.00","0.00",45,0,4299,0,0
141,3,8,1,FALSE,"2024-08-17T14:00:00Z",0,3,1,8,0,0,0,0,0,0,0,0,0,0,0,3,"0.2","0.8","0.0","0.1",0,"0.00","0.00","0.00","0.00",50,0,2792,0,0
142,3,8,7,FALSE,"2024-08-17T14:00:00Z",0,3,1,90,0,0,1,0,0,0,0,0,0,1,1,31,"18.6","0.0","0.0","1.9",1,"0.00","0.00","0.00","0.45",45,0,49675,0,0
143,3,8,0,FALSE,"2024-08-17T14:00:00Z",0,3,1,0,0,0,0,0,0,0,0,0,0,0,0,0,"0.0","0.0","0.0","0.0",0,"0.00","0.00","0.00","0.00",55,0,1930,0,0
144,3,8,6,FALSE,"2024-08-17T14:00:00Z",0,3,1,90,0,0,1,0,0,0,0,0,0,0,0,28,"18.8","0.5","0.0","1.9",1,"0.00","0.00","0.00","0.45",45,0,21316,0,0
145,3,8,8,FALSE,"2024-08-17T14:00:00Z",0,3,1,90,0,0,1,0,0,0,0,0,0,0,2,34,"20.6","1.3","0.0","2.2",1,"0.00","0.00","0.00","0.45",45,0,15104,0,0
146,3,8,0,FALSE,"2024-08-17T14:00:00Z",0,3,1,0,0,0,0,0,0,0,0,0,0,0,0,0,"0.0","0.0","0.0","0.0",0,"0.00","0.00","0.00","0.00",45,0,45968,0,0
147,3,8,1,FALSE,"2024-08-17T14:00:00Z",0,3,1,14,0,0,0,0,0,0,0,0,0,0,0,9,"5.6","0.7","2.0","0.8",0,"0.00","0.02","0.02","0.00",45,0,9097,0,0
148,3,8,12,FALSE,"2024-08-17T14:00:00Z",0,3,1,90,1,1,1,0,0,0,0,0,0,0,3,41,"61.4","24.8","25.0","11.1",1,"0.20","0.04","0.24","0.45",55,0,64656,0,0
149,3,8,6,FALSE,"2024-08-17T14:00:00Z",0,3,1,90,0,1,1,0,0,0,0,0,0,0,0,20,"31.0","16.3","0.0","4.7",1,"0.00","0.02","0.02","0.45",50,0,4093,0,0
595,3,8,0,FALSE,"2024-08-17T14:00:00Z",0,3,1,0,0,0,0,0,0,0,0,0,0,0,0,0,"0.0","0.0","0.0","0.0",0,"0.00","0.00","0.00","0.00",55,0,2682,0,0
600,3,8,1,FALSE,"2024-08-17T14:00:00Z",0,3,1,1,0,0,0,0,0,0,0,0,0,0,0,0,"0.0","0.1","0.0","0.0",0,"0.00","0.00","0.00","0.00",50,0,754,0,0
601,3,8,0,FALSE,"2024-08-17T14:00:00Z",0,3,1,0,0,0,0,0,0,0,0,0,0,0,0,0,"0.0","0.0","0.0","0.0",0,"0.00","0.00","0.00","0.00",50,0,486,0,0
615,3,8,0,FALSE,"2024-08-17T14:00:00Z",0,3,1,0,0,0,0,0,0,0,0,0,0,0,0,0,"0.0","0.0","0.0","0.0",0,"0.00","0.00","0.00","0.00",40,0,0,0,0
150,9,13,0,TRUE,"2024-08-18T15:30:00Z",0,2,1,0,0,0,0,0,0,0,0,0,0,0,0,0,"0.0","0.0","0.0","0.0",0,"0.00","0.00","0.00","0.00",45,0,910,0,0
151,9,13,0,TRUE,"2024-08-18T15:30:00Z",0,2,1,0,0,0,0,0,0,0,0,0,0,0,0,0,"0.0","0.0","0.0","0.0",0,"0.00","0.00","0.00","0.00",45,0,30921,0,0
152,9,13,0,TRUE,"2024-08-18T15:30:00Z",0,2,1,0,0,0,0,0,0,0,0,0,0,0,0,0,"0.0","0.0","0.0","0.0",0,"0.00","0.00","0.00","0.00",45,0,27495,0,0
153,9,13,0,TRUE,"2024-08-18T15:30:00Z",0,2,1,0,0,0,0,0,0,0,0,0,0,0,0,0,"0.0","0.0","0.0","0.0",0,"0.00","0.00","0.00","0.00",45,0,11552,0,0
154,9,13,0,TRUE,"2024-08-18T15:30:00Z",0,2,1,0,0,0,0,0,0,0,0,0,0,0,0,0,"0.0","0.0","0.0","0.0",0,"0.00","0.00","0.00","0.00",40,0,18789,0,0
155,9,13,0,TRUE,"2024-08-18T15:30:00Z",0,2,1,0,0,0,0,0,0,0,0,0,0,0,0,0,"0.0","0.0","0.0","0.0",0,"0.00","0.00","0.00","0.00",40,0,33631,0,0
156,9,13,0,TRUE,"2024-08-18T15:30:00Z",0,2,1,0,0,0,0,0,0,0,0,0,0,0,0,0,"0.0","0.0","0.0","0.0",0,"0.00","0.00","0.00","0.00",55,0,7671,0,0
157,9,13,1,TRUE,"2024-08-18T15:30:00Z",0,2,1,90,0,0,0,2,0,0,0,1,0,0,0,12,"11.6","28.3","2.0","4.2",1,"0.03","0.06","0.09","0.77",50,0,57062,0,0
158,9,13,0,TRUE,"2024-08-18T15:30:00Z",0,2,1,0,0,0,0,0,0,0,0,0,0,0,0,0,"0.0","0.0","0.0","0.0",0,"0.00","0.00","0.00","0.00",45,0,10728,0,0
159,9,13,0,TRUE,"2024-08-18T15:30:00Z",0,2,1,0,0,0,0,0,0,0,0,0,0,0,0,0,"0.0","0.0","0.0","0.0",0,"0.00","0.00","0.00","0.00",45,0,15983,0,0
160,9,13,0,TRUE,"2024-08-18T15:30:00Z",0,2,1,0,0,0,0,0,0,0,0,0,0,0,0,0,"0.0","0.0","0.0","0.0",0,"0.00","0.00","0.00","0.00",50,0,74006,0,0
161,9,13,0,TRUE,"2024-08-18T15:30:00Z",0,2,1,0,0,0,0,0,0,0,0,0,0,0,0,0,"0.0","0.0","0.0","0.0",0,"0.00","0.00","0.00","0.00",50,0,5259,0,0
162,9,13,1,TRUE,"2024-08-18T15:30:00Z",0,2,1,90,0,0,0,2,0,0,0,0,0,0,0,8,"20.4","0.8","0.0","2.1",1,"0.00","0.01","0.01","0.77",45,0,60767,0,0
163,9,13,2,TRUE,"2024-08-18T15:30:00Z",0,2,1,79,0,0,0,1,0,0,0,0,0,0,0,16,"18.0","4.0","2.0","2.4",1,"0.00","0.02","0.02","0.69",50,0,521204,0,0
164,9,13,0,TRUE,"2024-08-18T15:30:00Z",0,2,1,0,0,0,0,0,0,0,0,0,0,0,0,0,"0.0","0.0","0.0","0.0",0,"0.00","0.00","0.00","0.00",55,0,11959,0,0
165,9,13,0,TRUE,"2024-08-18T15:30:00Z",0,2,1,0,0,0,0,0,0,0,0,0,0,0,0,0,"0.0","0.0","0.0","0.0",0,"0.00","0.00","0.00","0.00",50,0,6224,0,0
166,9,13,1,TRUE,"2024-08-18T15:30:00Z",0,2,1,24,0,0,0,1,0,0,0,0,0,0,0,4,"2.0","1.6","0.0","0.4",0,"0.00","0.01","0.01","0.11",60,0,23669,0,0
167,9,13,0,TRUE,"2024-08-18T15:30:00Z",0,2,1,0,0,0,0,0,0,0,0,0,0,0,0,0,"0.0","0.0","0.0","0.0",0,"0.00","0.00","0.00","0.00",45,0,39895,0,0
168,9,13,2,TRUE,"2024-08-18T15:30:00Z",0,2,1,90,0,0,0,2,0,0,0,0,0,0,0,16,"9.6","10.0","26.0","4.6",1,"0.22","0.08","0.30","0.77",50,0,118384,0,0
169,9,13,0,TRUE,"2024-08-18T15:30:00Z",0,2,1,0,0,0,0,0,0,0,0,0,0,0,0,0,"0.0","0.0","0.0","0.0",0,"0.00","0.00","0.00","0.00",60,0,80385,0,0
170,9,13,0,TRUE,"2024-08-18T15:30:00Z",0,2,1,0,0,0,0,0,0,0,0,0,0,0,0,0,"0.0","0.0","0.0","0.0",0,"0.00","0.00","0.00","0.00",40,0,10496,0,0
171,9,13,1,TRUE,"2024-08-18T15:30:00Z",0,2,1,90,0,0,0,2,0,0,0,0,0,0,0,0,"7.0","2.8","6.0","1.6",1,"0.00","0.07","0.07","0.77",50,0,265669,0,0
172,9,13,0,TRUE,"2024-08-18T15:30:00Z",0,2,1,0,0,0,0,0,0,0,0,0,0,0,0,0,"0.0","0.0","0.0","0.0",0,"0.00","0.00","0.00","0.00",50,0,9795,0,0
173,9,13,0,TRUE,"2024-08-18T15:30:00Z",0,2,1,0,0,0,0,0,0,0,0,0,0,0,0,0,"0.0","0.0","0.0","0.0",0,"0.00","0.00","0.00","0.00",45,0,3460,0,0
174,9,13,2,TRUE,"2024-08-18T15:30:00Z",0,2,1,65,0,0,0,1,0,0,0,0,0,0,0,18,"15.2","13.5","0.0","2.9",1,"0.00","0.18","0.18","0.66",45,0,77766,0,0
175,9,13,0,TRUE,"2024-08-18T15:30:00Z",0,2,1,0,0,0,0,0,0,0,0,0,0,0,0,0,"0.0","0.0","0.0","0.0",0,"0.00","0.00","0.00","0.00",65,0,54070,0,0
176,9,13,0,TRUE,"2024-08-18T15:30:00Z",0,2,1,0,0,0,0,0,0,0,0,0,0,0,0,0,"0.0","0.0","0.0","0.0",0,"0.00","0.00","0.00","0.00",45,0,716,0,0
177,9,13,0,TRUE,"2024-08-18T15:30:00Z",0,2,1,0,0,0,0,0,0,0,0,0,0,0,0,0,"0.0","0.0","0.0","0.0",0,"0.00","0.00","0.00","0.00",65,0,36421,0,0
178,9,13,1,TRUE,"2024-08-18T15:30:00Z",0,2,1,24,0,0,0,1,0,0,0,0,0,0,0,2,"0.0","0.3","0.0","0.0",0,"0.00","0.00","0.00","0.11",50,0,62388,0,0
179,9,13,0,TRUE,"2024-08-18T15:30:00Z",0,2,1,0,0,0,0,0,0,0,0,0,0,0,0,0,"0.0","0.0","0.0","0.0",0,"0.00","0.00","0.00","0.00",65,0,29901,0,0
180,9,13,2,TRUE,"2024-08-18T15:30:00Z",0,2,1,65,0,0,0,1,0,0,0,0,0,0,0,3,"4.6","23.6","23.0","5.1",1,"0.47","0.06","0.53","0.66",75,0,159569,0,0
181,9,13,1,TRUE,"2024-08-18T15:30:00Z",0,2,1,57,0,0,0,1,0,0,0,0,0,0,0,6,"7.8","13.5","13.0","3.4",1,"0.15","0.06","0.21","0.66",65,0,1446069,0,0
182,9,13,2,TRUE,"2024-08-18T15:30:00Z",0,2,1,90,0,0,0,2,0,0,0,0,0,0,0,18,"20.4","37.8","10.0","6.8",1,"0.07","0.19","0.26","0.77",105,0,3210033,0,0
183,9,13,0,TRUE,"2024-08-18T15:30:00Z",0,2,1,0,0,0,0,0,0,0,0,0,0,0,0,0,"0.0","0.0","0.0","0.0",0,"0.00","0.00","0.00","0.00",45,0,70701,0,0
184,9,13,1,TRUE,"2024-08-18T15:30:00Z",0,2,1,10,0,0,0,1,0,0,0,0,0,0,0,2,"0.0","0.5","0.0","0.0",0,"0.00","0.00","0.00","0.08",45,0,7438,0,0
185,9,13,2,TRUE,"2024-08-18T15:30:00Z",0,2,1,90,0,0,0,2,0,0,0,0,0,3,0,7,"23.4","0.0","0.0","2.3",1,"0.00","0.00","0.00","0.77",45,0,226022,0,0
186,9,13,0,TRUE,"2024-08-18T15:30:00Z",0,2,1,0,0,0,0,0,0,0,0,0,0,0,0,0,"0.0","0.0","0.0","0.0",0,"0.00","0.00","0.00","0.00",70,0,164846,0,0
187,9,13,0,TRUE,"2024-08-18T15:30:00Z",0,2,1,0,0,0,0,0,0,0,0,0,0,0,0,0,"0.0","0.0","0.0","0.0",0,"0.00","0.00","0.00","0.00",45,0,23505,0,0
189,9,13,1,TRUE,"2024-08-18T15:30:00Z",0,2,1,90,0,0,0,2,0,0,0,0,0,0,0,3,"11.6","1.3","6.0","1.9",1,"0.04","0.01","0.05","0.77",45,0,22753,0,0
560,9,13,1,TRUE,"2024-08-18T15:30:00Z",0,2,1,32,0,0,0,1,0,0,0,0,0,0,0,6,"7.4","26.7","9.0","4.3",0,"0.04","0.16","0.20","0.11",65,0,100779,0,0
575,9,13,0,TRUE,"2024-08-18T15:30:00Z",0,2,1,0,0,0,0,0,0,0,0,0,0,0,0,0,"0.0","0.0","0.0","0.0",0,"0.00","0.00","0.00","0.00",40,0,5717,0,0
581,9,13,0,TRUE,"2024-08-18T15:30:00Z",0,2,1,0,0,0,0,0,0,0,0,0,0,0,0,0,"0.0","0.0","0.0","0.0",0,"0.00","0.00","0.00","0.00",45,0,30077,0,0
190,8,4,0,FALSE,"2024-08-18T13:00:00Z",2,1,1,0,0,0,0,0,0,0,0,0,0,0,0,0,"0.0","0.0","0.0","0.0",0,"0.00","0.00","0.00","0.00",45,0,33112,0,0
191,8,4,0,FALSE,"2024-08-18T13:00:00Z",2,1,1,90,0,0,0,2,0,0,0,1,0,0,0,3,"18.4","2.9","7.0","2.8",1,"0.04","0.02","0.06","1.59",45,0,1762243,0,0
192,8,4,0,FALSE,"2024-08-18T13:00:00Z",2,1,1,20,0,0,0,1,0,0,0,1,0,0,0,-5,"0.2","12.8","7.0","2.0",0,"0.46","0.01","0.47","0.95",55,0,40324,0,0
193,8,4,1,FALSE,"2024-08-18T13:00:00Z",2,1,1,6,0,0,0,0,0,0,0,0,0,0,0,4,"0.4","2.8","0.0","0.3",0,"0.00","0.00","0.00","0.00",50,0,8122,0,0
194,8,4,0,FALSE,"2024-08-18T13:00:00Z",2,1,1,83,0,0,0,2,0,0,0,1,0,0,0,1,"16.4","1.8","0.0","1.8",1,"0.00","0.01","0.01","1.59",45,0,15846,0,0
195,8,4,0,FALSE,"2024-08-18T13:00:00Z",2,1,1,0,0,0,0,0,0,0,0,0,0,0,0,0,"0.0","0.0","0.0","0.0",0,"0.00","0.00","0.00","0.00",45,0,12507,0,0
196,8,4,0,FALSE,"2024-08-18T13:00:00Z",2,1,1,0,0,0,0,0,0,0,0,0,0,0,0,0,"0.0","0.0","0.0","0.0",0,"0.00","0.00","0.00","0.00",45,0,10517,0,0
197,8,4,0,FALSE,"2024-08-18T13:00:00Z",2,1,1,0,0,0,0,0,0,0,0,0,0,0,0,0,"0.0","0.0","0.0","0.0",0,"0.00","0.00","0.00","0.00",45,0,716,0,0
198,8,4,1,FALSE,"2024-08-18T13:00:00Z",2,1,1,45,0,0,0,1,0,0,0,0,0,0,0,1,"0.0","10.7","5.0","1.5",0,"0.05","0.02","0.07","1.09",55,0,68403,0,0
199,8,4,2,FALSE,"2024-08-18T13:00:00Z",2,1,1,90,0,0,0,2,0,0,0,0,0,0,0,14,"12.4","6.8","65.0","8.4",1,"0.41","0.05","0.46","1.59",70,0,2972520,0,0
200,8,4,0,FALSE,"2024-08-18T13:00:00Z",2,1,1,90,0,0,0,2,0,0,0,1,0,0,0,9,"21.0","2.6","0.0","2.4",1,"0.00","0.02","0.02","1.59",45,0,643172,0,0
201,8,4,2,FALSE,"2024-08-18T13:00:00Z",2,1,1,90,0,0,0,2,0,0,0,0,0,3,0,5,"26.4","0.0","0.0","2.6",1,"0.00","0.00","0.00","1.59",45,0,1563145,0,0
202,8,4,0,FALSE,"2024-08-18T13:00:00Z",2,1,1,0,0,0,0,0,0,0,0,0,0,0,0,0,"0.0","0.0","0.0","0.0",0,"0.00","0.00","0.00","0.00",45,0,8984,0,0
203,8,4,2,FALSE,"2024-08-18T13:00:00Z",2,1,1,83,0,0,0,2,0,0,0,0,0,0,0,10,"14.2","14.0","4.0","3.2",1,"0.00","0.05","0.05","1.59",50,0,4041,0,0
204,8,4,0,FALSE,"2024-08-18T13:00:00Z",2,1,1,0,0,0,0,0,0,0,0,0,0,0,0,0,"0.0","0.0","0.0","0.0",0,"0.00","0.00","0.00","0.00",45,0,43430,0,0
205,8,4,1,FALSE,"2024-08-18T13:00:00Z",2,1,1,69,0,0,0,1,0,0,0,1,0,0,0,2,"7.8","25.0","4.0","3.7",1,"0.00","0.06","0.06","0.64",55,0,50612,0,0
206,8,4,1,FALSE,"2024-08-18T13:00:00Z",2,1,1,16,0,0,0,1,0,0,0,0,0,0,0,7,"3.4","14.4","0.0","1.8",0,"0.00","0.32","0.32","0.95",50,0,5376,0,0
207,8,4,1,FALSE,"2024-08-18T13:00:00Z",2,1,1,45,0,0,0,1,0,0,0,0,0,0,0,1,"0.0","3.1","4.0","0.7",1,"0.00","0.01","0.01","0.50",75,0,542468,0,0
208,8,4,0,FALSE,"2024-08-18T13:00:00Z",2,1,1,0,0,0,0,0,0,0,0,0,0,0,0,0,"0.0","0.0","0.0","0.0",0,"0.00","0.00","0.00","0.00",45,0,11416,0,0
209,8,4,0,FALSE,"2024-08-18T13:00:00Z",2,1,1,0,0,0,0,0,0,0,0,0,0,0,0,0,"0.0","0.0","0.0","0.0",0,"0.00","0.00","0.00","0.00",40,0,90762,0,0
210,8,4,1,FALSE,"2024-08-18T13:00:00Z",2,1,1,90,0,0,0,2,0,0,0,0,0,0,0,6,"13.8","27.0","6.0","4.7",1,"0.12","0.03","0.15","1.59",50,0,224405,0,0
211,8,4,4,FALSE,"2024-08-18T13:00:00Z",2,1,1,90,0,1,0,2,0,0,0,0,0,0,0,11,"12.2","13.4","6.0","3.2",1,"0.00","0.02","0.02","1.59",50,0,387466,0,0
212,8,4,0,FALSE,"2024-08-18T13:00:00Z",2,1,1,0,0,0,0,0,0,0,0,0,0,0,0,0,"0.0","0.0","0.0","0.0",0,"0.00","0.00","0.00","0.00",45,0,417,0,0
213,8,4,0,FALSE,"2024-08-18T13:00:00Z",2,1,1,0,0,0,0,0,0,0,0,0,0,0,0,0,"0.0","0.0","0.0","0.0",0,"0.00","0.00","0.00","0.00",45,0,20807,0,0
214,8,4,0,FALSE,"2024-08-18T13:00:00Z",2,1,1,0,0,0,0,0,0,0,0,0,0,0,0,0,"0.0","0.0","0.0","0.0",0,"0.00","0.00","0.00","0.00",50,0,9877,0,0
215,8,4,0,FALSE,"2024-08-18T13:00:00Z",2,1,1,0,0,0,0,0,0,0,0,0,0,0,0,0,"0.0","0.0","0.0","0.0",0,"0.00","0.00","0.00","0.00",45,0,12469,0,0
216,8,4,2,FALSE,"2024-08-18T13:00:00Z",2,1,1,73,0,0,0,1,0,0,0,0,0,0,0,18,"14.2","1.8","18.0","3.4",1,"0.09","0.02","0.11","0.64",50,0,43419,0,0
585,8,4,1,FALSE,"2024-08-18T13:00:00Z",2,1,1,6,0,0,0,0,0,0,0,0,0,0,0,3,"0.2","0.3","0.0","0.1",0,"0.00","0.00","0.00","0.00",60,0,29330,0,0
217,3,5,2,TRUE,"2024-08-17T14:00:00Z",0,3,1,62,0,0,0,2,0,0,0,0,0,0,0,2,"2.4","3.2","5.0","1.1",1,"0.14","0.01","0.15","1.13",55,0,46194,0,0
218,3,5,1,TRUE,"2024-08-17T14:00:00Z",0,3,1,14,0,0,0,1,0,0,0,0,0,0,0,2,"0.0","0.0","0.0","0.0",0,"0.00","0.00","0.00","0.07",50,0,36900,0,0
219,3,5,0,TRUE,"2024-08-17T14:00:00Z",0,3,1,0,0,0,0,0,0,0,0,0,0,0,0,0,"0.0","0.0","0.0","0.0",0,"0.00","0.00","0.00","0.00",50,0,229400,0,0
220,3,5,2,TRUE,"2024-08-17T14:00:00Z",0,3,1,75,0,0,0,2,0,0,0,0,0,0,0,5,"0.0","1.8","6.0","0.8",1,"0.00","0.01","0.01","1.36",60,0,172226,0,0
221,3,5,0,TRUE,"2024-08-17T14:00:00Z",0,3,1,0,0,0,0,0,0,0,0,0,0,0,0,0,"0.0","0.0","0.0","0.0",0,"0.00","0.00","0.00","0.00",45,0,4723,0,0
222,3,5,2,TRUE,"2024-08-17T14:00:00Z",0,3,1,90,0,0,0,3,0,0,0,0,0,0,0,6,"2.4","2.8","3.0","0.8",1,"0.02","0.01","0.03","1.43",50,0,5446,0,0
223,3,5,0,TRUE,"2024-08-17T14:00:00Z",0,3,1,0,0,0,0,0,0,0,0,0,0,0,0,0,"0.0","0.0","0.0","0.0",0,"0.00","0.00","0.00","0.00",50,0,2327,0,0
224,3,5,2,TRUE,"2024-08-17T14:00:00Z",0,3,1,84,0,0,0,2,0,0,0,0,0,0,0,9,"9.8","16.3","32.0","5.8",1,"0.14","0.26","0.40","1.36",55,0,15242,0,0
225,3,5,1,TRUE,"2024-08-17T14:00:00Z",0,3,1,5,0,0,0,1,0,0,0,0,0,0,0,-1,"0.0","0.0","0.0","0.0",0,"0.00","0.00","0.00","0.07",40,0,43592,0,0
226,3,5,2,TRUE,"2024-08-17T14:00:00Z",0,3,1,90,0,0,0,3,0,0,0,0,0,0,0,6,"18.8","2.5","10.0","3.1",1,"0.14","0.01","0.15","1.43",45,0,14609,0,0
227,3,5,0,TRUE,"2024-08-17T14:00:00Z",0,3,1,0,0,0,0,0,0,0,0,0,0,0,0,0,"0.0","0.0","0.0","0.0",0,"0.00","0.00","0.00","0.00",40,0,59289,0,0
228,3,5,1,TRUE,"2024-08-17T14:00:00Z",0,3,1,90,0,0,0,3,0,0,0,0,0,0,0,0,"12.2","0.4","4.0","1.7",1,"0.01","0.01","0.02","1.43",40,0,195758,0,0
229,3,5,0,TRUE,"2024-08-17T14:00:00Z",0,3,1,0,0,0,0,0,0,0,0,0,0,0,0,0,"0.0","0.0","0.0","0.0",0,"0.00","0.00","0.00","0.00",50,0,154002,0,0
230,3,5,2,TRUE,"2024-08-17T14:00:00Z",0,3,1,90,0,0,0,3,0,0,0,0,0,0,0,8,"9.2","19.7","0.0","2.9",1,"0.00","0.16","0.16","1.43",55,0,79050,0,0
231,3,5,1,TRUE,"2024-08-17T14:00:00Z",0,3,1,90,0,0,0,3,0,0,0,0,0,0,0,-5,"4.8","1.2","2.0","0.8",1,"0.00","0.00","0.00","1.43",45,0,854973,0,0
232,3,5,1,TRUE,"2024-08-17T14:00:00Z",0,3,1,27,0,0,0,1,0,0,0,0,0,0,0,3,"5.0","0.2","2.0","0.7",0,"0.00","0.00","0.00","0.30",55,0,14764,0,0
234,3,5,0,TRUE,"2024-08-17T14:00:00Z",0,3,1,0,0,0,0,0,0,0,0,0,0,0,0,0,"0.0","0.0","0.0","0.0",0,"0.00","0.00","0.00","0.00",45,0,2504,0,0
235,3,5,1,TRUE,"2024-08-17T14:00:00Z",0,3,1,90,0,0,0,3,0,0,0,0,0,2,0,2,"23.8","0.0","0.0","2.4",1,"0.00","0.02","0.02","1.43",50,0,1450939,0,0
236,3,5,0,TRUE,"2024-08-17T14:00:00Z",0,3,1,90,0,0,0,3,0,0,0,1,0,0,0,-4,"17.4","10.8","4.0","3.2",1,"0.01","0.01","0.02","1.43",50,0,204385,0,0
237,3,5,0,TRUE,"2024-08-17T14:00:00Z",0,3,1,0,0,0,0,0,0,0,0,0,0,0,0,0,"0.0","0.0","0.0","0.0",0,"0.00","0.00","0.00","0.00",50,0,1528,0,0
238,3,5,-2,TRUE,"2024-08-17T14:00:00Z",0,3,1,65,0,0,0,3,0,0,0,0,1,0,0,-10,"9.8","15.2","0.0","2.5",1,"0.00","0.17","0.17","1.23",45,0,19370,0,0
577,3,5,0,TRUE,"2024-08-17T14:00:00Z",0,3,1,0,0,0,0,0,0,0,0,0,0,0,0,0,"0.0","0.0","0.0","0.0",0,"0.00","0.00","0.00","0.00",55,0,13030,0,0
582,3,5,0,TRUE,"2024-08-17T14:00:00Z",0,3,1,0,0,0,0,0,0,0,0,0,0,0,0,0,"0.0","0.0","0.0","0.0",0,"0.00","0.00","0.00","0.00",50,0,29022,0,0
603,3,5,0,TRUE,"2024-08-17T14:00:00Z",0,3,1,0,0,0,0,0,0,0,0,0,0,0,0,0,"0.0","0.0","0.0","0.0",0,"0.00","0.00","0.00","0.00",45,0,8422,0,0
614,3,5,0,TRUE,"2024-08-17T14:00:00Z",0,3,1,0,0,0,0,0,0,0,0,0,0,0,0,0,"0.0","0.0","0.0","0.0",0,"0.00","0.00","0.00","0.00",45,0,0,0,0
19,1,14,3,FALSE,"2024-08-16T19:00:00Z",1,0,1,63,0,0,1,0,0,0,0,0,0,0,0,11,"4.0","3.8","0.0","0.8",1,"0.00","0.00","0.00","1.50",55,0,1427753,0,0
239,1,14,3,FALSE,"2024-08-16T19:00:00Z",1,0,1,77,0,0,1,0,0,0,0,0,0,0,0,5,"1.0","3.8","14.0","1.9",1,"0.10","0.02","0.12","1.57",50,0,21783,0,0
240,1,14,1,FALSE,"2024-08-16T19:00:00Z",1,0,1,90,0,0,0,1,0,0,0,1,0,0,0,15,"11.0","83.0","2.0","9.6",1,"0.00","0.16","0.16","1.77",55,0,356810,0,0
241,1,14,1,FALSE,"2024-08-16T19:00:00Z",1,0,1,90,0,0,0,1,0,0,0,1,0,0,0,5,"9.2","0.8","8.0","1.8",1,"0.10","0.03","0.13","2.43",45,0,26833,0,0
242,1,14,0,FALSE,"2024-08-16T19:00:00Z",1,0,1,0,0,0,0,0,0,0,0,0,0,0,0,0,"0.0","0.0","0.0","0.0",0,"0.00","0.00","0.00","0.00",40,0,38417,0,0
243,1,14,0,FALSE,"2024-08-16T19:00:00Z",1,0,1,26,0,0,0,1,0,0,0,1,0,0,0,2,"3.8","11.7","4.0","2.0",0,"0.00","0.05","0.05","0.94",50,0,3772,0,0
244,1,14,0,FALSE,"2024-08-16T19:00:00Z",1,0,1,0,0,0,0,0,0,0,0,0,0,0,0,0,"0.0","0.0","0.0","0.0",0,"0.00","0.00","0.00","0.00",45,0,267974,0,0
245,1,14,2,FALSE,"2024-08-16T19:00:00Z",1,0,1,90,0,0,0,1,0,0,0,0,0,0,0,13,"25.4","0.2","0.0","2.6",1,"0.00","0.00","0.00","2.43",45,0,12977,0,0
246,1,14,0,FALSE,"2024-08-16T19:00:00Z",1,0,1,0,0,0,0,0,0,0,0,0,0,0,0,0,"0.0","0.0","0.0","0.0",0,"0.00","0.00","0.00","0.00",45,0,1375,0,0
247,1,14,2,FALSE,"2024-08-16T19:00:00Z",1,0,1,90,0,0,0,1,0,0,0,0,0,0,0,5,"11.0","10.9","13.0","3.5",1,"0.04","0.15","0.19","2.43",55,0,44896,0,0
248,1,14,3,FALSE,"2024-08-16T19:00:00Z",1,0,1,90,0,0,0,1,0,0,0,0,0,4,0,12,"33.0","0.0","0.0","3.3",1,"0.00","0.00","0.00","2.43",50,0,215262,0,0
249,1,14,2,FALSE,"2024-08-16T19:00:00Z",1,0,1,90,0,0,0,1,0,0,0,0,0,0,0,16,"11.6","2.9","0.0","1.5",1,"0.00","0.01","0.01","1.77",50,0,3707,0,0
250,1,14,0,FALSE,"2024-08-16T19:00:00Z",1,0,1,0,0,0,0,0,0,0,0,0,0,0,0,0,"0.0","0.0","0.0","0.0",0,"0.00","0.00","0.00","0.00",40,0,41969,0,0
251,1,14,2,FALSE,"2024-08-16T19:00:00Z",1,0,1,77,0,0,1,0,0,0,0,0,0,0,0,10,"9.4","20.4","28.0","5.8",1,"0.11","0.00","0.11","1.57",60,0,598942,0,0
252,1,14,1,FALSE,"2024-08-16T19:00:00Z",1,0,1,12,0,0,0,1,0,0,0,0,0,0,0,3,"0.2","0.3","0.0","0.1",0,"0.00","0.00","0.00","0.87",55,0,42210,0,0
253,1,14,0,FALSE,"2024-08-16T19:00:00Z",1,0,1,0,0,0,0,0,0,0,0,0,0,0,0,0,"0.0","0.0","0.0","0.0",0,"0.00","0.00","0.00","0.00",45,0,1776,0,0
254,1,14,1,FALSE,"2024-08-16T19:00:00Z",1,0,1,1,0,0,0,0,0,0,0,0,0,0,0,4,"2.2","0.0","0.0","0.2",0,"0.00","0.00","0.00","0.67",50,0,3660,0,0
255,1,14,2,FALSE,"2024-08-16T19:00:00Z",1,0,1,90,0,0,0,1,0,0,0,0,0,0,0,15,"29.2","1.5","2.0","3.3",1,"0.00","0.01","0.01","2.43",45,0,774506,0,0
256,1,14,1,FALSE,"2024-08-16T19:00:00Z",1,0,1,1,0,0,0,0,0,0,0,0,0,0,0,2,"0.0","0.0","0.0","0.0",0,"0.00","0.00","0.00","0.67",50,0,6640,0,0
257,1,14,2,FALSE,"2024-08-16T19:00:00Z",1,0,1,90,0,0,0,1,0,0,0,0,0,0,0,7,"10.0","1.2","14.0","2.5",1,"0.09","0.00","0.09","2.43",45,0,10690,0,0
258,1,14,0,FALSE,"2024-08-16T19:00:00Z",1,0,1,0,0,0,0,0,0,0,0,0,0,0,0,0,"0.0","0.0","0.0","0.0",0,"0.00","0.00","0.00","0.00",50,0,53449,0,0
259,1,14,1,FALSE,"2024-08-16T19:00:00Z",1,0,1,12,0,0,0,1,0,0,0,0,0,0,0,4,"0.2","3.9","4.0","0.8",0,"0.00","0.01","0.01","0.87",55,0,16297,0,0
579,1,14,0,FALSE,"2024-08-16T19:00:00Z",1,0,1,0,0,0,0,0,0,0,0,0,0,0,0,0,"0.0","0.0","0.0","0.0",0,"0.00","0.00","0.00","0.00",45,0,18879,0,0
586,1,14,0,FALSE,"2024-08-16T19:00:00Z",1,0,1,0,0,0,0,0,0,0,0,0,0,0,0,0,"0.0","0.0","0.0","0.0",0,"0.00","0.00","0.00","0.00",45,0,4853,0,0
604,1,14,0,FALSE,"2024-08-16T19:00:00Z",1,0,1,0,0,0,0,0,0,0,0,0,0,0,0,0,"0.0","0.0","0.0","0.0",0,"0.00","0.00","0.00","0.00",45,0,3797,0,0
605,1,14,0,FALSE,"2024-08-16T19:00:00Z",1,0,1,0,0,0,0,0,0,0,0,0,0,0,0,0,"0.0","0.0","0.0","0.0",0,"0.00","0.00","0.00","0.00",45,0,1323,0,0
260,4,12,1,TRUE,"2024-08-17T11:30:00Z",0,2,1,16,0,0,0,0,0,0,0,0,0,0,0,2,"2.0","0.0","2.0","0.4",0,"0.00","0.00","0.00","0.58",50,0,32399,0,0
261,4,12,0,TRUE,"2024-08-17T11:30:00Z",0,2,1,0,0,0,0,0,0,0,0,0,0,0,0,0,"0.0","0.0","0.0","0.0",0,"0.00","0.00","0.00","0.00",40,0,4342,0,0
262,4,12,0,TRUE,"2024-08-17T11:30:00Z",0,2,1,0,0,0,0,0,0,0,0,0,0,0,0,0,"0.0","0.0","0.0","0.0",0,"0.00","0.00","0.00","0.00",50,0,1380,0,0
263,4,12,0,TRUE,"2024-08-17T11:30:00Z",0,2,1,0,0,0,0,0,0,0,0,0,0,0,0,0,"0.0","0.0","0.0","0.0",0,"0.00","0.00","0.00","0.00",40,0,31764,0,0
264,4,12,0,TRUE,"2024-08-17T11:30:00Z",0,2,1,56,0,0,0,0,0,0,0,1,0,0,0,-2,"0.0","1.8","2.0","0.0",1,"0.00","0.00","0.00","0.46",50,0,8811,0,0
265,4,12,2,TRUE,"2024-08-17T11:30:00Z",0,2,1,64,0,0,0,1,0,0,0,0,0,0,0,12,"4.2","2.5","2.0","0.9",1,"0.00","0.01","0.01","1.45",55,0,22047,0,0
266,4,12,0,TRUE,"2024-08-17T11:30:00Z",0,2,1,0,0,0,0,0,0,0,0,0,0,0,0,0,"0.0","0.0","0.0","0.0",0,"0.00","0.00","0.00","0.00",40,0,3114,0,0
267,4,12,1,TRUE,"2024-08-17T11:30:00Z",0,2,1,90,0,0,0,2,0,0,0,0,0,0,0,-1,"14.8","6.1","0.0","2.1",1,"0.00","0.02","0.02","2.65",45,0,155392,0,0
268,4,12,2,TRUE,"2024-08-17T11:30:00Z",0,2,1,73,0,0,0,2,0,0,0,0,0,0,0,8,"6.4","20.7","8.0","3.5",1,"0.00","0.00","0.00","2.07",55,0,35272,0,0
269,4,12,0,TRUE,"2024-08-17T11:30:00Z",0,2,1,0,0,0,0,0,0,0,0,0,0,0,0,0,"0.0","0.0","0.0","0.0",0,"0.00","0.00","0.00","0.00",40,0,15461,0,0
270,4,12,1,TRUE,"2024-08-17T11:30:00Z",0,2,1,90,0,0,0,2,0,0,0,0,0,0,0,12,"26.2","0.8","22.0","4.9",1,"0.10","0.00","0.10","2.65",40,0,48563,0,0
271,4,12,1,TRUE,"2024-08-17T11:30:00Z",0,2,1,25,0,0,0,1,0,0,0,0,0,0,0,1,"5.4","1.6","4.0","1.1",0,"0.00","0.03","0.03","1.21",50,0,2261,0,0
272,4,12,0,TRUE,"2024-08-17T11:30:00Z",0,2,1,0,0,0,0,0,0,0,0,0,0,0,0,0,"0.0","0.0","0.0","0.0",0,"0.00","0.00","0.00","0.00",55,0,2030,0,0
273,4,12,0,TRUE,"2024-08-17T11:30:00Z",0,2,1,0,0,0,0,0,0,0,0,0,0,0,0,0,"0.0","0.0","0.0","0.0",0,"0.00","0.00","0.00","0.00",45,0,4842,0,0
274,4,12,1,TRUE,"2024-08-17T11:30:00Z",0,2,1,90,0,0,0,2,0,0,0,1,0,0,0,11,"7.2","1.8","18.0","2.7",1,"0.27","0.02","0.29","2.65",55,0,51791,0,0
275,4,12,0,TRUE,"2024-08-17T11:30:00Z",0,2,1,33,0,0,0,2,0,0,0,0,0,0,0,-5,"11.0","0.0","0.0","1.1",0,"0.00","0.00","0.00","2.19",40,0,337620,0,0
276,4,12,0,TRUE,"2024-08-17T11:30:00Z",0,2,1,0,0,0,0,0,0,0,0,0,0,0,0,0,"0.0","0.0","0.0","0.0",0,"0.00","0.00","0.00","0.00",45,0,179213,0,0
277,4,12,2,TRUE,"2024-08-17T11:30:00Z",0,2,1,64,0,0,0,1,0,0,0,0,0,0,0,8,"10.8","1.3","0.0","1.2",1,"0.00","0.00","0.00","1.45",45,0,23647,0,0
278,4,12,2,TRUE,"2024-08-17T11:30:00Z",0,2,1,90,0,0,0,2,0,0,0,0,0,0,0,14,"16.2","15.9","2.0","3.4",1,"0.00","0.08","0.08","2.65",50,0,16799,0,0
279,4,12,0,TRUE,"2024-08-17T11:30:00Z",0,2,1,0,0,0,0,0,0,0,0,0,0,0,0,0,"0.0","0.0","0.0","0.0",0,"0.00","0.00","0.00","0.00",40,0,1045,0,0
280,4,12,0,TRUE,"2024-08-17T11:30:00Z",0,2,1,0,0,0,0,0,0,0,0,0,0,0,0,0,"0.0","0.0","0.0","0.0",0,"0.00","0.00","0.00","0.00",40,0,78508,0,0
281,4,12,1,TRUE,"2024-08-17T11:30:00Z",0,2,1,25,0,0,0,1,0,0,0,0,0,0,0,3,"3.2","0.9","2.0","0.6",0,"0.02","0.01","0.03","1.21",50,0,2848,0,0
282,4,12,1,TRUE,"2024-08-17T11:30:00Z",0,2,1,73,0,0,0,2,0,0,0,0,0,0,0,1,"7.8","0.4","4.0","1.2",1,"0.07","0.00","0.07","2.07",40,0,100603,0,0
283,4,12,2,TRUE,"2024-08-17T11:30:00Z",0,2,1,90,0,0,0,2,0,0,0,0,0,3,0,9,"28.2","0.0","0.0","2.8",1,"0.00","0.00","0.00","2.65",45,0,15656,0,0
284,4,12,0,TRUE,"2024-08-17T11:30:00Z",0,2,1,90,0,0,0,2,0,0,0,1,0,0,0,7,"27.2","0.3","2.0","3.0",1,"0.00","0.00","0.00","2.65",40,0,108271,0,0
359,4,12,0,TRUE,"2024-08-17T11:30:00Z",0,2,1,0,0,0,0,0,0,0,0,0,0,0,0,0,"0.0","0.0","0.0","0.0",0,"0.00","0.00","0.00","0.00",50,0,9305,0,0
568,4,12,0,TRUE,"2024-08-17T11:30:00Z",0,2,1,0,0,0,0,0,0,0,0,0,0,0,0,0,"0.0","0.0","0.0","0.0",0,"0.00","0.00","0.00","0.00",45,0,39121,0,0
583,4,12,0,TRUE,"2024-08-17T11:30:00Z",0,2,1,0,0,0,0,0,0,0,0,0,0,0,0,0,"0.0","0.0","0.0","0.0",0,"0.00","0.00","0.00","0.00",40,0,33806,0,0
611,4,12,1,TRUE,"2024-08-17T11:30:00Z",0,2,1,16,0,0,0,0,0,0,0,0,0,0,0,2,"3.4","10.3","0.0","1.4",0,"0.00","0.02","0.02","0.58",60,0,10540,0,0
117,10,18,2,TRUE,"2024-08-19T19:00:00Z",1,1,1,78,0,0,0,1,0,0,0,0,0,0,0,13,"11.4","19.9","0.0","3.1",1,"0.00","0.19","0.19","0.98",50,0,8082,0,0
285,10,18,1,TRUE,"2024-08-19T19:00:00Z",1,1,1,11,0,0,0,0,0,0,0,0,0,0,0,3,"0.2","0.3","0.0","0.1",0,"0.00","0.00","0.00","0.25",45,0,17951,0,0
286,10,18,0,TRUE,"2024-08-19T19:00:00Z",1,1,1,0,0,0,0,0,0,0,0,0,0,0,0,0,"0.0","0.0","0.0","0.0",0,"0.00","0.00","0.00","0.00",45,0,116261,0,0
287,10,18,0,TRUE,"2024-08-19T19:00:00Z",1,1,1,0,0,0,0,0,0,0,0,0,0,0,0,0,"0.0","0.0","0.0","0.0",0,"0.00","0.00","0.00","0.00",45,0,26479,0,0
288,10,18,0,TRUE,"2024-08-19T19:00:00Z",1,1,1,0,0,0,0,0,0,0,0,0,0,0,0,0,"0.0","0.0","0.0","0.0",0,"0.00","0.00","0.00","0.00",40,0,24580,0,0
289,10,18,0,TRUE,"2024-08-19T19:00:00Z",1,1,1,0,0,0,0,0,0,0,0,0,0,0,0,0,"0.0","0.0","0.0","0.0",0,"0.00","0.00","0.00","0.00",50,0,30123,0,0
290,10,18,2,TRUE,"2024-08-19T19:00:00Z",1,1,1,85,0,0,0,1,0,0,0,0,0,0,0,2,"4.4","2.8","4.0","1.1",1,"0.06","0.01","0.07","1.04",55,0,13854,0,0
291,10,18,1,TRUE,"2024-08-19T19:00:00Z",1,1,1,90,0,0,0,1,0,0,0,1,0,0,0,7,"15.4","0.3","0.0","1.6",1,"0.00","0.00","0.00","1.23",40,0,616143,0,0
292,10,18,0,TRUE,"2024-08-19T19:00:00Z",1,1,1,0,0,0,0,0,0,0,0,0,0,0,0,0,"0.0","0.0","0.0","0.0",0,"0.00","0.00","0.00","0.00",45,0,4727,0,0
293,10,18,3,TRUE,"2024-08-19T19:00:00Z",1,1,1,90,0,0,0,1,0,0,0,0,0,5,0,15,"41.6","0.0","0.0","4.2",1,"0.00","0.00","0.00","1.23",45,0,34105,0,0
294,10,18,0,TRUE,"2024-08-19T19:00:00Z",1,1,1,0,0,0,0,0,0,0,0,0,0,0,0,0,"0.0","0.0","0.0","0.0",0,"0.00","0.00","0.00","0.00",40,0,65236,0,0
295,10,18,2,TRUE,"2024-08-19T19:00:00Z",1,1,1,90,0,0,0,1,0,0,0,0,0,0,0,15,"24.0","9.1","5.0","3.8",1,"0.06","0.01","0.07","1.23",45,0,23101,0,0
296,10,18,2,TRUE,"2024-08-19T19:00:00Z",1,1,1,90,0,0,0,1,0,0,0,0,0,0,0,9,"22.2","8.9","0.0","3.1",1,"0.00","0.03","0.03","1.23",45,0,9441,0,0
297,10,18,0,TRUE,"2024-08-19T19:00:00Z",1,1,1,0,0,0,0,0,0,0,0,0,0,0,0,0,"0.0","0.0","0.0","0.0",0,"0.00","0.00","0.00","0.00",45,0,4212,0,0
298,10,18,1,TRUE,"2024-08-19T19:00:00Z",1,1,1,11,0,0,0,0,0,0,0,0,0,0,0,4,"6.2","14.1","0.0","2.0",0,"0.00","0.03","0.03","0.25",55,0,46533,0,0
299,10,18,1,TRUE,"2024-08-19T19:00:00Z",1,1,1,4,0,0,0,0,0,0,0,0,0,0,0,3,"4.2","0.1","4.0","0.8",0,"0.02","0.00","0.02","0.19",50,0,3846,0,0
300,10,18,2,TRUE,"2024-08-19T19:00:00Z",1,1,1,90,0,0,0,1,0,0,0,0,0,0,0,14,"24.0","1.1","23.0","4.8",1,"0.07","0.01","0.08","1.23",50,0,12929,0,0
301,10,18,0,TRUE,"2024-08-19T19:00:00Z",1,1,1,0,0,0,0,0,0,0,0,0,0,0,0,0,"0.0","0.0","0.0","0.0",0,"0.00","0.00","0.00","0.00",40,0,17350,0,0
302,10,18,0,TRUE,"2024-08-19T19:00:00Z",1,1,1,0,0,0,0,0,0,0,0,0,0,0,0,0,"0.0","0.0","0.0","0.0",0,"0.00","0.00","0.00","0.00",45,0,19824,0,0
303,10,18,0,TRUE,"2024-08-19T19:00:00Z",1,1,1,0,0,0,0,0,0,0,0,0,0,0,0,0,"0.0","0.0","0.0","0.0",0,"0.00","0.00","0.00","0.00",40,0,2362,0,0
304,10,18,0,TRUE,"2024-08-19T19:00:00Z",1,1,1,0,0,0,0,0,0,0,0,0,0,0,0,0,"0.0","0.0","0.0","0.0",0,"0.00","0.00","0.00","0.00",40,0,4282,0,0
305,10,18,0,TRUE,"2024-08-19T19:00:00Z",1,1,1,0,0,0,0,0,0,0,0,0,0,0,0,0,"0.0","0.0","0.0","0.0",0,"0.00","0.00","0.00","0.00",40,0,51407,0,0
306,10,18,8,TRUE,"2024-08-19T19:00:00Z",1,1,1,78,1,0,0,1,0,0,0,0,0,0,2,33,"40.4","0.1","54.0","9.5",1,"0.80","0.00","0.80","0.98",55,0,119633,0,0
307,10,18,2,TRUE,"2024-08-19T19:00:00Z",1,1,1,90,0,0,0,1,0,0,0,0,0,0,0,6,"15.8","0.3","0.0","1.6",1,"0.00","0.00","0.00","1.23",40,0,145212,0,0
308,10,18,0,TRUE,"2024-08-19T19:00:00Z",1,1,1,0,0,0,0,0,0,0,0,0,0,0,0,0,"0.0","0.0","0.0","0.0",0,"0.00","0.00","0.00","0.00",40,0,227087,0,0
309,10,18,2,TRUE,"2024-08-19T19:00:00Z",1,1,1,90,0,0,0,1,0,0,0,0,0,0,0,17,"18.6","15.9","0.0","3.5",1,"0.00","0.03","0.03","1.23",45,0,1202141,0,0
570,10,18,8,TRUE,"2024-08-19T19:00:00Z",1,1,1,90,0,1,0,1,0,0,0,0,0,0,3,37,"45.0","32.5","2.0","8.0",1,"0.00","0.60","0.60","1.23",55,0,29601,0,0
606,10,18,0,TRUE,"2024-08-19T19:00:00Z",1,1,1,0,0,0,0,0,0,0,0,0,0,0,0,0,"0.0","0.0","0.0","0.0",0,"0.00","0.00","0.00","0.00",45,0,4472,0,0
616,10,18,0,TRUE,"2024-08-19T19:00:00Z",1,1,1,0,0,0,0,0,0,0,0,0,0,0,0,0,"0.0","0.0","0.0","0.0",0,"0.00","0.00","0.00","0.00",40,0,0,0,0
310,4,10,7,FALSE,"2024-08-17T11:30:00Z",0,2,1,90,0,0,1,0,0,0,0,0,0,2,1,28,"18.4","0.0","0.0","1.8",1,"0.00","0.00","0.00","0.45",55,0,892671,0,0
311,4,10,8,FALSE,"2024-08-17T11:30:00Z",0,2,1,76,0,0,1,0,0,0,0,0,0,0,2,31,"9.0","43.7","3.0","5.6",1,"0.06","1.00","1.06","0.41",70,0,2560092,0,0
312,4,10,0,FALSE,"2024-08-17T11:30:00Z",0,2,1,0,0,0,0,0,0,0,0,0,0,0,0,0,"0.0","0.0","0.0","0.0",0,"0.00","0.00","0.00","0.00",45,0,16261,0,0
313,4,10,1,FALSE,"2024-08-17T11:30:00Z",0,2,1,13,0,0,0,0,0,0,0,0,0,0,0,3,"7.4","1.9","40.0","4.9",0,"0.24","0.02","0.26","0.04",50,0,54579,0,0
315,4,10,0,FALSE,"2024-08-17T11:30:00Z",0,2,1,0,0,0,0,0,0,0,0,0,0,0,0,0,"0.0","0.0","0.0","0.0",0,"0.00","0.00","0.00","0.00",45,0,5545,0,0
316,4,10,0,FALSE,"2024-08-17T11:30:00Z",0,2,1,0,0,0,0,0,0,0,0,0,0,0,0,0,"0.0","0.0","0.0","0.0",0,"0.00","0.00","0.00","0.00",75,0,511713,0,0
317,4,10,8,FALSE,"2024-08-17T11:30:00Z",0,2,1,78,1,0,1,0,0,0,0,0,0,0,0,24,"36.8","4.9","41.0","8.3",1,"0.95","0.04","0.99","0.41",75,0,1433531,0,0
318,4,10,0,FALSE,"2024-08-17T11:30:00Z",0,2,1,0,0,0,0,0,0,0,0,0,0,0,0,0,"0.0","0.0","0.0","0.0",0,"0.00","0.00","0.00","0.00",45,0,5062,0,0
319,4,10,0,FALSE,"2024-08-17T11:30:00Z",0,2,1,0,0,0,0,0,0,0,0,0,0,0,0,0,"0.0","0.0","0.0","0.0",0,"0.00","0.00","0.00","0.00",55,0,105562,0,0
320,4,10,0,FALSE,"2024-08-17T11:30:00Z",0,2,1,0,0,0,0,0,0,0,0,0,0,0,0,0,"0.0","0.0","0.0","0.0",0,"0.00","0.00","0.00","0.00",50,0,17472,0,0
321,4,10,0,FALSE,"2024-08-17T11:30:00Z",0,2,1,11,0,0,0,0,0,0,0,1,0,0,0,-1,"0.0","1.8","6.0","0.8",0,"0.00","0.00","0.00","0.04",75,0,367195,0,0
322,4,10,0,FALSE,"2024-08-17T11:30:00Z",0,2,1,0,0,0,0,0,0,0,0,0,0,0,0,0,"0.0","0.0","0.0","0.0",0,"0.00","0.00","0.00","0.00",50,0,51959,0,0
323,4,10,3,FALSE,"2024-08-17T11:30:00Z",0,2,1,90,0,0,1,0,0,0,0,0,0,0,0,6,"6.2","10.4","0.0","1.7",1,"0.00","0.39","0.39","0.45",50,0,11117,0,0
324,4,10,0,FALSE,"2024-08-17T11:30:00Z",0,2,1,0,0,0,0,0,0,0,0,0,0,0,0,0,"0.0","0.0","0.0","0.0",0,"0.00","0.00","0.00","0.00",55,0,9756,0,0
325,4,10,0,FALSE,"2024-08-17T11:30:00Z",0,2,1,0,0,0,0,0,0,0,0,0,0,0,0,0,"0.0","0.0","0.0","0.0",0,"0.00","0.00","0.00","0.00",45,0,25958,0,0
326,4,10,1,FALSE,"2024-08-17T11:30:00Z",0,2,1,45,0,0,0,0,0,0,0,0,0,0,0,12,"14.2","0.3","0.0","1.5",0,"0.00","0.00","0.00","0.15",50,0,151453,0,0
327,4,10,3,FALSE,"2024-08-17T11:30:00Z",0,2,1,90,0,0,1,0,0,0,0,0,0,0,0,13,"9.6","37.1","31.0","7.8",1,"0.46","0.38","0.84","0.45",75,0,745699,0,0
328,4,10,14,FALSE,"2024-08-17T11:30:00Z",0,2,1,90,1,1,1,0,0,0,0,0,0,0,3,38,"58.0","24.4","70.0","15.2",1,"0.70","0.15","0.85","0.45",125,0,2894604,0,0
329,4,10,3,FALSE,"2024-08-17T11:30:00Z",0,2,1,90,0,0,1,0,0,0,0,0,0,0,0,7,"2.6","9.3","7.0","1.9",1,"0.10","0.06","0.16","0.45",65,0,222591,0,0
330,4,10,0,FALSE,"2024-08-17T11:30:00Z",0,2,1,0,0,0,0,0,0,0,0,0,0,0,0,0,"0.0","0.0","0.0","0.0",0,"0.00","0.00","0.00","0.00",45,0,3147,0,0
331,4,10,0,FALSE,"2024-08-17T11:30:00Z",0,2,1,0,0,0,0,0,0,0,0,0,0,0,0,0,"0.0","0.0","0.0","0.0",0,"0.00","0.00","0.00","0.00",45,0,4200,0,0
332,4,10,0,FALSE,"2024-08-17T11:30:00Z",0,2,1,0,0,0,0,0,0,0,0,0,0,0,0,0,"0.0","0.0","0.0","0.0",0,"0.00","0.00","0.00","0.00",40,0,14539,0,0
333,4,10,1,FALSE,"2024-08-17T11:30:00Z",0,2,1,45,0,0,0,0,0,0,0,0,0,0,0,7,"15.8","0.5","0.0","1.6",1,"0.00","0.00","0.00","0.31",45,0,567784,0,0
334,4,10,0,FALSE,"2024-08-17T11:30:00Z",0,2,1,0,0,0,0,0,0,0,0,0,0,0,0,0,"0.0","0.0","0.0","0.0",0,"0.00","0.00","0.00","0.00",40,0,15921,0,0
335,4,10,6,FALSE,"2024-08-17T11:30:00Z",0,2,1,78,0,0,1,0,0,0,0,0,0,0,0,24,"12.0","17.1","4.0","3.3",1,"0.00","0.13","0.13","0.41",60,0,392551,0,0
336,4,10,7,FALSE,"2024-08-17T11:30:00Z",0,2,1,90,0,1,1,0,0,0,0,0,0,0,1,28,"10.4","41.2","15.0","6.7",1,"0.15","0.24","0.39","0.45",65,0,170256,0,0
337,4,10,1,FALSE,"2024-08-17T11:30:00Z",0,2,1,11,0,0,0,0,0,0,0,0,0,0,0,3,"1.4","1.2","0.0","0.3",0,"0.00","0.01","0.01","0.04",50,0,40013,0,0
338,4,10,0,FALSE,"2024-08-17T11:30:00Z",0,2,1,0,0,0,0,0,0,0,0,0,0,0,0,0,"0.0","0.0","0.0","0.0",0,"0.00","0.00","0.00","0.00",40,0,32790,0,0
339,4,10,6,FALSE,"2024-08-17T11:30:00Z",0,2,1,90,0,0,1,0,0,0,0,0,0,0,0,24,"8.8","1.5","4.0","1.4",1,"0.00","0.01","0.01","0.45",60,0,1021672,0,0
340,9,6,6,FALSE,"2024-08-18T15:30:00Z",0,2,1,90,0,0,1,0,0,0,0,0,0,0,0,28,"16.2","1.6","0.0","1.8",1,"0.00","0.01","0.01","1.01",55,0,377453,0,0
341,9,6,0,FALSE,"2024-08-18T15:30:00Z",0,2,1,0,0,0,0,0,0,0,0,0,0,0,0,0,"0.0","0.0","0.0","0.0",0,"0.00","0.00","0.00","0.00",55,0,231353,0,0
342,9,6,6,FALSE,"2024-08-18T15:30:00Z",0,2,1,90,0,1,1,0,0,0,0,0,0,0,0,26,"32.0","38.1","30.0","10.0",1,"0.13","0.20","0.33","1.01",65,0,372293,0,0
343,9,6,0,FALSE,"2024-08-18T15:30:00Z",0,2,1,0,0,0,0,0,0,0,0,0,0,0,0,0,"0.0","0.0","0.0","0.0",0,"0.00","0.00","0.00","0.00",50,0,31717,0,0
344,9,6,0,FALSE,"2024-08-18T15:30:00Z",0,2,1,0,0,0,0,0,0,0,0,0,0,0,0,0,"0.0","0.0","0.0","0.0",0,"0.00","0.00","0.00","0.00",40,0,14823,0,0
345,9,6,3,FALSE,"2024-08-18T15:30:00Z",0,2,1,90,0,0,1,0,0,0,0,0,0,0,0,14,"5.0","15.3","4.0","2.4",1,"0.07","0.32","0.39","1.01",95,0,627901,0,0
346,9,6,3,FALSE,"2024-08-18T15:30:00Z",0,2,1,90,0,0,1,0,0,0,0,0,0,0,0,20,"12.8","23.3","29.0","6.5",1,"0.13","0.09","0.22","1.01",65,0,280527,0,0
347,9,6,8,FALSE,"2024-08-18T15:30:00Z",0,2,1,90,0,0,1,0,0,0,0,0,0,3,1,30,"19.6","0.0","0.0","2.0",1,"0.00","0.00","0.00","1.01",55,0,557560,0,0
348,9,6,1,FALSE,"2024-08-18T15:30:00Z",0,2,1,45,0,0,0,0,0,0,0,0,0,0,0,6,"9.0","3.7","0.0","1.3",0,"0.00","0.01","0.01","0.72",95,0,1585478,0,0
349,9,6,0,FALSE,"2024-08-18T15:30:00Z",0,2,1,0,0,0,0,0,0,0,0,0,0,0,0,0,"0.0","0.0","0.0","0.0",0,"0.00","0.00","0.00","0.00",65,0,15825,0,0
350,9,6,7,FALSE,"2024-08-18T15:30:00Z",0,2,1,90,0,0,1,0,0,0,0,0,0,0,1,30,"23.2","3.3","5.0","3.2",1,"0.03","0.02","0.05","1.01",60,0,2793191,0,0
351,9,6,7,FALSE,"2024-08-18T15:30:00Z",0,2,1,90,1,0,1,0,0,0,0,1,0,0,2,31,"36.4","0.6","38.0","7.5",1,"0.28","0.00","0.28","1.01",150,0,4408007,0,0
352,9,6,0,FALSE,"2024-08-18T15:30:00Z",0,2,1,0,0,0,0,0,0,0,0,0,0,0,0,0,"0.0","0.0","0.0","0.0",0,"0.00","0.00","0.00","0.00",70,0,39036,0,0
353,9,6,0,FALSE,"2024-08-18T15:30:00Z",0,2,1,0,0,0,0,0,0,0,0,0,0,0,0,0,"0.0","0.0","0.0","0.0",0,"0.00","0.00","0.00","0.00",55,0,76789,0,0
354,9,6,11,FALSE,"2024-08-18T15:30:00Z",0,2,1,90,1,0,1,0,0,0,0,0,0,0,3,36,"55.6","4.9","9.0","7.0",1,"0.13","0.02","0.15","1.01",55,0,19927,0,0
355,9,6,6,FALSE,"2024-08-18T15:30:00Z",0,2,1,90,0,0,1,0,0,0,0,0,0,0,0,22,"15.0","3.3","8.0","2.6",1,"0.00","0.01","0.01","1.01",45,0,40016,0,0
356,9,6,0,FALSE,"2024-08-18T15:30:00Z",0,2,1,0,0,0,0,0,0,0,0,0,0,0,0,0,"0.0","0.0","0.0","0.0",0,"0.00","0.00","0.00","0.00",50,0,3409,0,0
357,9,6,0,FALSE,"2024-08-18T15:30:00Z",0,2,1,0,0,0,0,0,0,0,0,0,0,0,0,0,"0.0","0.0","0.0","0.0",0,"0.00","0.00","0.00","0.00",50,0,7920,0,0
358,9,6,0,FALSE,"2024-08-18T15:30:00Z",0,2,1,0,0,0,0,0,0,0,0,0,0,0,0,0,"0.0","0.0","0.0","0.0",0,"0.00","0.00","0.00","0.00",55,0,77703,0,0
360,9,6,0,FALSE,"2024-08-18T15:30:00Z",0,2,1,0,0,0,0,0,0,0,0,0,0,0,0,0,"0.0","0.0","0.0","0.0",0,"0.00","0.00","0.00","0.00",65,0,443257,0,0
361,9,6,6,FALSE,"2024-08-18T15:30:00Z",0,2,1,90,0,0,1,0,0,0,0,0,0,0,0,27,"14.2","0.5","0.0","1.5",1,"0.00","0.00","0.00","1.01",55,0,293835,0,0
362,9,6,0,FALSE,"2024-08-18T15:30:00Z",0,2,1,0,0,0,0,0,0,0,0,0,0,0,0,0,"0.0","0.0","0.0","0.0",0,"0.00","0.00","0.00","0.00",55,0,195172,0,0
363,9,6,0,FALSE,"2024-08-18T15:30:00Z",0,2,1,0,0,0,0,0,0,0,0,0,0,0,0,0,"0.0","0.0","0.0","0.0",0,"0.00","0.00","0.00","0.00",55,0,838154,0,0
571,9,6,1,FALSE,"2024-08-18T15:30:00Z",0,2,1,45,0,0,0,0,0,0,0,0,0,0,0,8,"11.6","36.4","4.0","5.2",1,"0.00","0.16","0.16","0.30",65,0,37980,0,0
607,9,6,0,FALSE,"2024-08-18T15:30:00Z",0,2,1,0,0,0,0,0,0,0,0,0,0,0,0,0,"0.0","0.0","0.0","0.0",0,"0.00","0.00","0.00","0.00",50,0,576,0,0
364,1,9,3,TRUE,"2024-08-16T19:00:00Z",1,0,1,60,0,0,1,0,0,0,0,0,0,0,0,11,"7.4","19.1","6.0","3.3",1,"0.00","0.13","0.13","0.21",50,0,313496,0,0
365,1,9,0,TRUE,"2024-08-16T19:00:00Z",1,0,1,0,0,0,0,0,0,0,0,0,0,0,0,0,"0.0","0.0","0.0","0.0",0,"0.00","0.00","0.00","0.00",60,0,21896,0,0
366,1,9,3,TRUE,"2024-08-16T19:00:00Z",1,0,1,90,0,0,1,0,0,0,0,0,0,0,0,10,"15.0","8.3","49.0","7.2",1,"1.19","0.03","1.22","0.44",85,0,1728175,0,0
367,1,9,0,TRUE,"2024-08-16T19:00:00Z",1,0,1,0,0,0,0,0,0,0,0,0,0,0,0,0,"0.0","0.0","0.0","0.0",0,"0.00","0.00","0.00","0.00",45,0,9227,0,0
368,1,9,3,TRUE,"2024-08-16T19:00:00Z",1,0,1,90,0,0,1,0,0,0,0,0,0,0,0,19,"26.8","39.9","13.0","8.0",1,"0.16","0.50","0.66","0.44",50,0,39317,0,0
369,1,9,7,TRUE,"2024-08-16T19:00:00Z",1,0,1,90,0,0,1,0,0,0,0,0,0,0,1,26,"13.4","4.8","0.0","1.8",1,"0.00","0.02","0.02","0.44",50,0,701512,0,0
370,1,9,0,TRUE,"2024-08-16T19:00:00Z",1,0,1,0,0,0,0,0,0,0,0,0,0,0,0,0,"0.0","0.0","0.0","0.0",0,"0.00","0.00","0.00","0.00",55,0,17513,0,0
371,1,9,1,TRUE,"2024-08-16T19:00:00Z",1,0,1,9,0,0,0,0,0,0,0,0,0,0,0,2,"1.4","0.0","0.0","0.1",0,"0.00","0.00","0.00","0.06",45,0,11027,0,0
372,1,9,4,TRUE,"2024-08-16T19:00:00Z",1,0,1,29,0,1,0,0,0,0,0,0,0,0,0,11,"21.2","25.0","9.0","5.5",0,"0.68","0.09","0.77","0.23",65,0,1548926,0,0
373,1,9,0,TRUE,"2024-08-16T19:00:00Z",1,0,1,0,0,0,0,0,0,0,0,0,0,0,0,0,"0.0","0.0","0.0","0.0",0,"0.00","0.00","0.00","0.00",45,0,11598,0,0
374,1,9,0,TRUE,"2024-08-16T19:00:00Z",1,0,1,0,0,0,0,0,0,0,0,0,0,0,0,0,"0.0","0.0","0.0","0.0",0,"0.00","0.00","0.00","0.00",40,0,20061,0,0
375,1,9,0,TRUE,"2024-08-16T19:00:00Z",1,0,1,0,0,0,0,0,0,0,0,0,0,0,0,0,"0.0","0.0","0.0","0.0",0,"0.00","0.00","0.00","0.00",70,0,63276,0,0
376,1,9,0,TRUE,"2024-08-16T19:00:00Z",1,0,1,0,0,0,0,0,0,0,0,0,0,0,0,0,"0.0","0.0","0.0","0.0",0,"0.00","0.00","0.00","0.00",45,0,17901,0,0
377,1,9,5,TRUE,"2024-08-16T19:00:00Z",1,0,1,80,0,0,1,0,0,0,0,1,0,0,0,22,"19.6","1.6","0.0","2.1",1,"0.00","0.01","0.01","0.38",50,0,39835,0,0
378,1,9,3,TRUE,"2024-08-16T19:00:00Z",1,0,1,83,0,0,1,0,0,0,0,0,0,0,0,21,"12.0","3.7","1.0","1.7",1,"0.03","0.01","0.04","0.38",55,0,533586,0,0
379,1,9,0,TRUE,"2024-08-16T19:00:00Z",1,0,1,0,0,0,0,0,0,0,0,0,0,0,0,0,"0.0","0.0","0.0","0.0",0,"0.00","0.00","0.00","0.00",45,0,1453,0,0
380,1,9,7,TRUE,"2024-08-16T19:00:00Z",1,0,1,90,0,0,1,0,0,0,0,0,0,0,1,26,"19.4","11.9","0.0","3.1",1,"0.00","0.02","0.02","0.44",45,0,403535,0,0
381,1,9,1,TRUE,"2024-08-16T19:00:00Z",1,0,1,6,0,0,0,0,0,0,0,0,0,0,0,3,"0.6","0.1","0.0","0.1",0,"0.00","0.00","0.00","0.06",50,0,93204,0,0
382,1,9,2,TRUE,"2024-08-16T19:00:00Z",1,0,1,60,0,0,1,0,0,0,0,1,0,0,0,-1,"10.2","22.8","25.0","5.8",1,"0.30","0.03","0.33","0.21",65,0,22295,0,0
383,1,9,6,TRUE,"2024-08-16T19:00:00Z",1,0,1,90,0,0,1,0,0,0,0,0,0,2,0,25,"16.8","0.0","0.0","1.7",1,"0.00","0.00","0.00","0.44",50,0,517448,0,0
384,1,9,0,TRUE,"2024-08-16T19:00:00Z",1,0,1,0,0,0,0,0,0,0,0,0,0,0,0,0,"0.0","0.0","0.0","0.0",0,"0.00","0.00","0.00","0.00",50,0,2174,0,0
385,1,9,3,TRUE,"2024-08-16T19:00:00Z",1,0,1,90,0,0,1,0,0,0,0,0,0,0,0,5,"4.6","14.8","8.0","2.7",1,"0.00","0.11","0.11","0.44",70,0,410469,0,0
386,1,9,0,TRUE,"2024-08-16T19:00:00Z",1,0,1,0,0,0,0,0,0,0,0,0,0,0,0,0,"0.0","0.0","0.0","0.0",0,"0.00","0.00","0.00","0.00",65,0,33031,0,0
387,1,9,0,TRUE,"2024-08-16T19:00:00Z",1,0,1,0,0,0,0,0,0,0,0,0,0,0,0,0,"0.0","0.0","0.0","0.0",0,"0.00","0.00","0.00","0.00",50,0,74935,0,0
389,1,9,8,TRUE,"2024-08-16T19:00:00Z",1,0,1,29,1,0,0,0,0,0,0,0,0,0,3,33,"33.2","1.8","17.0","5.2",0,"0.07","0.00","0.07","0.23",70,0,172194,0,0
572,1,9,0,TRUE,"2024-08-16T19:00:00Z",1,0,1,0,0,0,0,0,0,0,0,0,0,0,0,0,"0.0","0.0","0.0","0.0",0,"0.00","0.00","0.00","0.00",45,0,19850,0,0
593,1,9,1,TRUE,"2024-08-16T19:00:00Z",1,0,1,9,0,0,0,0,0,0,0,0,0,0,0,3,"0.2","0.0","0.0","0.0",0,"0.00","0.00","0.00","0.06",50,0,314129,0,0
594,1,9,8,TRUE,"2024-08-16T19:00:00Z",1,0,1,80,0,0,1,0,0,0,0,0,0,0,2,32,"14.0","2.4","0.0","1.6",1,"0.00","0.01","0.01","0.38",45,0,204143,0,0
613,1,9,0,TRUE,"2024-08-16T19:00:00Z",1,0,1,0,0,0,0,0,0,0,0,0,0,0,0,0,"0.0","0.0","0.0","0.0",0,"0.00","0.00","0.00","0.00",45,0,0,0,0
390,5,17,0,TRUE,"2024-08-17T14:00:00Z",1,0,1,0,0,0,0,0,0,0,0,0,0,0,0,0,"0.0","0.0","0.0","0.0",0,"0.00","0.00","0.00","0.00",40,0,69252,0,0
391,5,17,0,TRUE,"2024-08-17T14:00:00Z",1,0,1,0,0,0,0,0,0,0,0,0,0,0,0,0,"0.0","0.0","0.0","0.0",0,"0.00","0.00","0.00","0.00",60,0,84045,0,0
392,5,17,1,TRUE,"2024-08-17T14:00:00Z",1,0,1,20,0,0,0,0,0,0,0,0,0,0,0,1,"0.0","0.0","0.0","0.0",0,"0.00","0.00","0.00","0.44",65,0,42382,0,0
393,5,17,0,TRUE,"2024-08-17T14:00:00Z",1,0,1,0,0,0,0,0,0,0,0,0,0,0,0,0,"0.0","0.0","0.0","0.0",0,"0.00","0.00","0.00","0.00",45,0,1632,0,0
394,5,17,3,TRUE,"2024-08-17T14:00:00Z",1,0,1,90,0,0,1,0,0,0,0,0,0,0,0,14,"21.2","1.8","0.0","2.3",1,"0.00","0.04","0.04","1.77",65,0,297465,0,0
395,5,17,5,TRUE,"2024-08-17T14:00:00Z",1,0,1,90,0,0,1,0,0,0,0,1,0,0,0,18,"17.4","0.0","0.0","1.7",1,"0.00","0.00","0.00","1.77",45,0,1462975,0,0
396,5,17,0,TRUE,"2024-08-17T14:00:00Z",1,0,1,0,0,0,0,0,0,0,0,0,0,0,0,0,"0.0","0.0","0.0","0.0",0,"0.00","0.00","0.00","0.00",45,0,114645,0,0
397,5,17,0,TRUE,"2024-08-17T14:00:00Z",1,0,1,0,0,0,0,0,0,0,0,0,0,0,0,0,"0.0","0.0","0.0","0.0",0,"0.00","0.00","0.00","0.00",50,0,3106,0,0
398,5,17,3,TRUE,"2024-08-17T14:00:00Z",1,0,1,69,0,0,1,0,0,0,0,0,0,0,0,12,"2.4","12.8","2.0","1.7",1,"0.00","0.02","0.02","1.33",75,0,2328887,0,0
399,5,17,5,TRUE,"2024-08-17T14:00:00Z",1,0,1,69,0,0,1,0,0,0,0,1,0,0,0,17,"14.2","14.7","2.0","3.1",1,"0.00","0.02","0.02","1.33",45,0,431511,0,0
400,5,17,0,TRUE,"2024-08-17T14:00:00Z",1,0,1,0,0,0,0,0,0,0,0,0,0,0,0,0,"0.0","0.0","0.0","0.0",0,"0.00","0.00","0.00","0.00",45,0,5826,0,0
401,5,17,5,TRUE,"2024-08-17T14:00:00Z",1,0,1,90,0,1,1,0,0,0,0,0,0,0,0,22,"25.6","10.8","6.0","4.2",1,"0.00","0.08","0.08","1.77",85,0,5199017,0,0
402,5,17,1,TRUE,"2024-08-17T14:00:00Z",1,0,1,29,0,0,0,0,0,0,0,0,0,0,0,9,"5.0","0.9","0.0","0.6",1,"0.00","0.01","0.01","0.20",55,0,193533,0,0
403,5,17,11,TRUE,"2024-08-17T14:00:00Z",1,0,1,90,1,0,1,0,0,0,0,0,0,0,3,34,"53.8","1.2","24.0","7.9",1,"0.22","0.01","0.23","1.77",60,0,35765,0,0
404,5,17,1,TRUE,"2024-08-17T14:00:00Z",1,0,1,20,0,0,0,0,0,0,0,0,0,0,0,4,"9.2","0.0","0.0","0.9",0,"0.00","0.00","0.00","0.44",45,0,12480,0,0
405,5,17,6,TRUE,"2024-08-17T14:00:00Z",1,0,1,60,0,0,1,0,0,0,0,0,0,0,0,21,"16.0","0.0","6.0","2.2",0,"0.00","0.00","0.00","1.58",45,0,6327,0,0
406,5,17,0,TRUE,"2024-08-17T14:00:00Z",1,0,1,0,0,0,0,0,0,0,0,0,0,0,0,0,"0.0","0.0","0.0","0.0",0,"0.00","0.00","0.00","0.00",45,0,3311,0,0
407,5,17,0,TRUE,"2024-08-17T14:00:00Z",1,0,1,0,0,0,0,0,0,0,0,0,0,0,0,0,"0.0","0.0","0.0","0.0",0,"0.00","0.00","0.00","0.00",45,0,399,0,0
408,5,17,0,TRUE,"2024-08-17T14:00:00Z",1,0,1,0,0,0,0,0,0,0,0,0,0,0,0,0,"0.0","0.0","0.0","0.0",0,"0.00","0.00","0.00","0.00",40,0,35029,0,0
409,5,17,7,TRUE,"2024-08-17T14:00:00Z",1,0,1,90,0,0,1,0,0,0,0,0,0,0,1,25,"20.0","0.6","0.0","2.1",1,"0.00","0.00","0.00","1.77",45,0,100126,0,0
410,5,17,3,TRUE,"2024-08-17T14:00:00Z",1,0,1,90,0,0,1,0,0,0,0,0,0,0,0,11,"9.4","1.3","4.0","1.5",1,"0.00","0.01","0.01","1.77",50,0,103817,0,0
411,5,17,0,TRUE,"2024-08-17T14:00:00Z",1,0,1,0,0,0,0,0,0,0,0,0,0,0,0,0,"0.0","0.0","0.0","0.0",0,"0.00","0.00","0.00","0.00",50,0,232,0,0
412,5,17,0,TRUE,"2024-08-17T14:00:00Z",1,0,1,0,0,0,0,0,0,0,0,0,0,0,0,0,"0.0","0.0","0.0","0.0",0,"0.00","0.00","0.00","0.00",45,0,12498,0,0
413,5,17,9,TRUE,"2024-08-17T14:00:00Z",1,0,1,90,0,0,1,0,0,0,0,0,0,3,2,27,"25.2","0.0","0.0","2.5",1,"0.00","0.00","0.00","1.77",50,0,510361,0,0
414,5,17,0,TRUE,"2024-08-17T14:00:00Z",1,0,1,0,0,0,0,0,0,0,0,0,0,0,0,0,"0.0","0.0","0.0","0.0",0,"0.00","0.00","0.00","0.00",40,0,23963,0,0
415,5,17,-2,TRUE,"2024-08-17T14:00:00Z",1,0,1,27,0,0,0,0,0,0,0,0,1,0,0,-8,"0.0","0.3","5.0","0.1",1,"0.04","0.00","0.04","0.20",55,0,198369,0,0
416,5,17,0,TRUE,"2024-08-17T14:00:00Z",1,0,1,0,0,0,0,0,0,0,0,0,0,0,0,0,"0.0","0.0","0.0","0.0",0,"0.00","0.00","0.00","0.00",40,0,39033,0,0
417,5,17,0,TRUE,"2024-08-17T14:00:00Z",1,0,1,0,0,0,0,0,0,0,0,0,0,0,0,0,"0.0","0.0","0.0","0.0",0,"0.00","0.00","0.00","0.00",55,0,4653,0,0
418,5,17,0,TRUE,"2024-08-17T14:00:00Z",1,0,1,0,0,0,0,0,0,0,0,0,0,0,0,0,"0.0","0.0","0.0","0.0",0,"0.00","0.00","0.00","0.00",60,0,1193630,0,0
419,5,17,0,TRUE,"2024-08-17T14:00:00Z",1,0,1,0,0,0,0,0,0,0,0,0,0,0,0,0,"0.0","0.0","0.0","0.0",0,"0.00","0.00","0.00","0.00",45,0,31223,0,0
420,5,17,0,TRUE,"2024-08-17T14:00:00Z",1,0,1,0,0,0,0,0,0,0,0,0,0,0,0,0,"0.0","0.0","0.0","0.0",0,"0.00","0.00","0.00","0.00",50,0,13992,0,0
421,5,17,0,TRUE,"2024-08-17T14:00:00Z",1,0,1,0,0,0,0,0,0,0,0,0,0,0,0,0,"0.0","0.0","0.0","0.0",0,"0.00","0.00","0.00","0.00",70,0,8597,0,0
574,5,17,0,TRUE,"2024-08-17T14:00:00Z",1,0,1,0,0,0,0,0,0,0,0,0,0,0,0,0,"0.0","0.0","0.0","0.0",0,"0.00","0.00","0.00","0.00",40,0,10005,0,0
590,5,17,0,TRUE,"2024-08-17T14:00:00Z",1,0,1,0,0,0,0,0,0,0,0,0,0,0,0,0,"0.0","0.0","0.0","0.0",0,"0.00","0.00","0.00","0.00",50,0,9145,0,0
422,6,3,1,TRUE,"2024-08-17T14:00:00Z",1,1,1,53,0,0,0,0,0,0,0,0,0,0,0,4,"5.2","2.1","1.0","0.8",1,"0.02","0.02","0.04","0.55",45,0,112193,0,0
423,6,3,1,TRUE,"2024-08-17T14:00:00Z",1,1,1,18,0,0,0,1,0,0,0,0,0,0,0,4,"5.4","1.5","8.0","1.5",0,"0.00","0.01","0.01","0.59",50,0,14127,0,0
424,6,3,1,TRUE,"2024-08-17T14:00:00Z",1,1,1,18,0,0,0,1,0,0,0,0,0,0,0,6,"3.4","1.0","19.0","2.3",0,"0.12","0.03","0.15","0.59",60,0,84610,0,0
425,6,3,2,TRUE,"2024-08-17T14:00:00Z",1,1,1,90,0,0,0,1,0,0,0,0,0,0,0,10,"32.0","0.1","17.0","4.9",1,"0.07","0.00","0.07","1.22",45,0,21461,0,0
426,6,3,0,TRUE,"2024-08-17T14:00:00Z",1,1,1,0,0,0,0,0,0,0,0,0,0,0,0,0,"0.0","0.0","0.0","0.0",0,"0.00","0.00","0.00","0.00",45,0,5803,0,0
427,6,3,0,TRUE,"2024-08-17T14:00:00Z",1,1,1,0,0,0,0,0,0,0,0,0,0,0,0,0,"0.0","0.0","0.0","0.0",0,"0.00","0.00","0.00","0.00",45,0,33324,0,0
428,6,3,0,TRUE,"2024-08-17T14:00:00Z",1,1,1,0,0,0,0,0,0,0,0,0,0,0,0,0,"0.0","0.0","0.0","0.0",0,"0.00","0.00","0.00","0.00",45,0,6089,0,0
429,6,3,1,TRUE,"2024-08-17T14:00:00Z",1,1,1,14,0,0,0,0,0,0,0,0,0,0,0,1,"0.0","0.1","0.0","0.0",1,"0.00","0.00","0.00","0.28",50,0,5769,0,0
430,6,3,0,TRUE,"2024-08-17T14:00:00Z",1,1,1,0,0,0,0,0,0,0,0,0,0,0,0,0,"0.0","0.0","0.0","0.0",0,"0.00","0.00","0.00","0.00",50,0,21102,0,0
431,6,3,1,TRUE,"2024-08-17T14:00:00Z",1,1,1,36,0,0,0,1,0,0,0,0,0,0,0,3,"6.2","5.7","4.0","1.6",0,"0.00","0.09","0.09","0.67",50,0,3116,0,0
432,6,3,1,TRUE,"2024-08-17T14:00:00Z",1,1,1,53,0,0,0,0,0,0,0,0,0,0,0,13,"10.4","25.1","9.0","4.5",1,"0.02","0.16","0.18","0.55",55,0,214240,0,0
433,6,3,2,TRUE,"2024-08-17T14:00:00Z",1,1,1,90,0,0,0,1,0,0,0,0,0,0,0,8,"9.8","41.3","14.0","6.5",1,"0.10","0.07","0.17","1.22",65,0,430423,0,0
434,6,3,3,TRUE,"2024-08-17T14:00:00Z",1,1,1,71,0,0,1,0,0,0,0,0,0,0,0,13,"12.2","41.7","28.0","8.2",1,"0.07","0.20","0.27","0.63",55,0,315296,0,0
435,6,3,0,TRUE,"2024-08-17T14:00:00Z",1,1,1,0,0,0,0,0,0,0,0,0,0,0,0,0,"0.0","0.0","0.0","0.0",0,"0.00","0.00","0.00","0.00",45,0,4017,0,0
436,6,3,2,TRUE,"2024-08-17T14:00:00Z",1,1,1,90,0,0,0,1,0,0,0,0,0,0,0,14,"19.8","1.0","0.0","2.1",1,"0.00","0.00","0.00","1.22",45,0,44981,0,0
437,6,3,1,TRUE,"2024-08-17T14:00:00Z",1,1,1,90,0,0,0,1,0,0,0,1,0,0,0,9,"21.8","30.9","6.0","5.9",1,"0.03","0.13","0.16","1.22",45,0,43912,0,0
438,6,3,0,TRUE,"2024-08-17T14:00:00Z",1,1,1,0,0,0,0,0,0,0,0,0,0,0,0,0,"0.0","0.0","0.0","0.0",0,"0.00","0.00","0.00","0.00",45,0,5640,0,0
439,6,3,0,TRUE,"2024-08-17T14:00:00Z",1,1,1,0,0,0,0,0,0,0,0,0,0,0,0,0,"0.0","0.0","0.0","0.0",0,"0.00","0.00","0.00","0.00",50,0,205,0,0
440,6,3,0,TRUE,"2024-08-17T14:00:00Z",1,1,1,0,0,0,0,0,0,0,0,0,0,0,0,0,"0.0","0.0","0.0","0.0",0,"0.00","0.00","0.00","0.00",45,0,6608,0,0
441,6,3,0,TRUE,"2024-08-17T14:00:00Z",1,1,1,0,0,0,0,0,0,0,0,0,0,0,0,0,"0.0","0.0","0.0","0.0",0,"0.00","0.00","0.00","0.00",40,0,224,0,0
442,6,3,2,TRUE,"2024-08-17T14:00:00Z",1,1,1,90,0,0,0,1,0,0,0,0,0,0,0,13,"14.8","2.5","4.0","2.1",1,"0.00","0.01","0.01","1.22",45,0,185141,0,0
443,6,3,3,TRUE,"2024-08-17T14:00:00Z",1,1,1,90,0,0,0,1,0,0,0,0,0,3,0,13,"23.8","0.0","0.0","2.4",1,"0.00","0.00","0.00","1.22",45,0,100200,0,0
444,6,3,1,TRUE,"2024-08-17T14:00:00Z",1,1,1,36,0,0,0,1,0,0,0,0,0,0,0,0,"9.6","3.0","6.0","1.9",0,"0.02","0.01","0.03","0.67",45,0,7351,0,0
445,6,3,0,TRUE,"2024-08-17T14:00:00Z",1,1,1,0,0,0,0,0,0,0,0,0,0,0,0,0,"0.0","0.0","0.0","0.0",0,"0.00","0.00","0.00","0.00",40,0,1752814,0,0
446,6,3,0,TRUE,"2024-08-17T14:00:00Z",1,1,1,0,0,0,0,0,0,0,0,0,0,0,0,0,"0.0","0.0","0.0","0.0",0,"0.00","0.00","0.00","0.00",45,0,130081,0,0
447,6,3,9,TRUE,"2024-08-17T14:00:00Z",1,1,1,71,1,0,1,0,0,0,0,0,0,0,3,30,"32.2","5.7","21.0","5.9",1,"0.71","0.02","0.73","0.63",60,0,482451,0,0
448,6,3,0,TRUE,"2024-08-17T14:00:00Z",1,1,1,0,0,0,0,0,0,0,0,0,0,0,0,0,"0.0","0.0","0.0","0.0",0,"0.00","0.00","0.00","0.00",45,0,5973,0,0
449,6,3,7,TRUE,"2024-08-17T14:00:00Z",1,1,1,75,0,1,0,1,0,0,0,0,0,0,2,29,"12.4","16.9","36.0","6.5",0,"0.24","0.03","0.27","0.94",50,0,4944,0,0
573,6,3,0,TRUE,"2024-08-17T14:00:00Z",1,1,1,0,0,0,0,0,0,0,0,0,0,0,0,0,"0.0","0.0","0.0","0.0",0,"0.00","0.00","0.00","0.00",45,0,17842,0,0
596,6,3,0,TRUE,"2024-08-17T14:00:00Z",1,1,1,0,0,0,0,0,0,0,0,0,0,0,0,0,"0.0","0.0","0.0","0.0",0,"0.00","0.00","0.00","0.00",60,0,10205,0,0
27,5,15,1,FALSE,"2024-08-17T14:00:00Z",1,0,1,19,0,0,0,0,0,0,0,0,0,0,0,4,"1.0","0.1","22.0","2.3",0,"0.19","0.00","0.19","0.00",50,0,122810,1369,1511
188,9,13,0,TRUE,"2024-08-18T15:30:00Z",0,2,1,0,0,0,0,0,0,0,0,0,0,0,0,0,"0.0","0.0","0.0","0.0",0,"0.00","0.00","0.00","0.00",45,0,28052,0,0
450,5,15,1,FALSE,"2024-08-17T14:00:00Z",1,0,1,9,0,0,0,0,0,0,0,0,0,0,0,4,"8.4","15.9","19.0","4.3",0,"0.07","0.03","0.10","0.00",50,0,9504,0,0
451,5,15,1,FALSE,"2024-08-17T14:00:00Z",1,0,1,9,0,0,0,0,0,0,0,0,0,0,0,4,"4.0","15.0","6.0","2.5",0,"0.02","0.13","0.15","0.00",45,0,8926,0,0
452,5,15,2,FALSE,"2024-08-17T14:00:00Z",1,0,1,69,0,0,0,1,0,0,0,0,0,0,0,18,"14.8","27.9","9.0","5.2",1,"0.05","0.44","0.49","0.25",50,0,4540,0,0
453,5,15,2,FALSE,"2024-08-17T14:00:00Z",1,0,1,90,0,0,0,1,0,0,0,0,0,0,0,5,"7.8","12.9","37.0","5.8",1,"0.71","0.08","0.79","0.25",55,0,147689,0,0
454,5,15,0,FALSE,"2024-08-17T14:00:00Z",1,0,1,0,0,0,0,0,0,0,0,0,0,0,0,0,"0.0","0.0","0.0","0.0",0,"0.00","0.00","0.00","0.00",45,0,28798,0,0
455,5,15,2,FALSE,"2024-08-17T14:00:00Z",1,0,1,80,0,0,0,1,0,0,0,0,0,0,0,13,"18.4","12.7","2.0","3.3",1,"0.00","0.03","0.03","0.25",40,0,96706,0,0
456,5,15,0,FALSE,"2024-08-17T14:00:00Z",1,0,1,0,0,0,0,0,0,0,0,0,0,0,0,0,"0.0","0.0","0.0","0.0",0,"0.00","0.00","0.00","0.00",40,0,30004,0,0
457,5,15,0,FALSE,"2024-08-17T14:00:00Z",1,0,1,0,0,0,0,0,0,0,0,0,0,0,0,0,"0.0","0.0","0.0","0.0",0,"0.00","0.00","0.00","0.00",40,0,13216,0,0
458,5,15,0,FALSE,"2024-08-17T14:00:00Z",1,0,1,0,0,0,0,0,0,0,0,0,0,0,0,0,"0.0","0.0","0.0","0.0",0,"0.00","0.00","0.00","0.00",45,0,7613,0,0
459,5,15,0,FALSE,"2024-08-17T14:00:00Z",1,0,1,45,0,0,0,0,0,0,0,1,0,0,0,0,"6.8","18.5","16.0","4.1",0,"0.00","0.15","0.15","0.00",50,0,2424,0,0
460,5,15,0,FALSE,"2024-08-17T14:00:00Z",1,0,1,0,0,0,0,0,0,0,0,0,0,0,0,0,"0.0","0.0","0.0","0.0",0,"0.00","0.00","0.00","0.00",40,0,14950,0,0
461,5,15,1,FALSE,"2024-08-17T14:00:00Z",1,0,1,90,0,0,0,1,0,0,0,1,0,0,0,6,"17.6","14.0","6.0","3.8",1,"0.00","0.02","0.02","0.25",40,0,934150,0,0
462,5,15,0,FALSE,"2024-08-17T14:00:00Z",1,0,1,0,0,0,0,0,0,0,0,0,0,0,0,0,"0.0","0.0","0.0","0.0",0,"0.00","0.00","0.00","0.00",50,0,587,0,0
463,5,15,0,FALSE,"2024-08-17T14:00:00Z",1,0,1,0,0,0,0,0,0,0,0,0,0,0,0,0,"0.0","0.0","0.0","0.0",0,"0.00","0.00","0.00","0.00",50,0,3466,0,0
464,5,15,0,FALSE,"2024-08-17T14:00:00Z",1,0,1,0,0,0,0,0,0,0,0,0,0,0,0,0,"0.0","0.0","0.0","0.0",0,"0.00","0.00","0.00","0.00",40,0,7767,0,0
465,5,15,0,FALSE,"2024-08-17T14:00:00Z",1,0,1,0,0,0,0,0,0,0,0,0,0,0,0,0,"0.0","0.0","0.0","0.0",0,"0.00","0.00","0.00","0.00",40,0,23928,0,0
466,5,15,0,FALSE,"2024-08-17T14:00:00Z",1,0,1,0,0,0,0,0,0,0,0,0,0,0,0,0,"0.0","0.0","0.0","0.0",0,"0.00","0.00","0.00","0.00",40,0,25648,0,0
467,5,15,0,FALSE,"2024-08-17T14:00:00Z",1,0,1,0,0,0,0,0,0,0,0,0,0,0,0,0,"0.0","0.0","0.0","0.0",0,"0.00","0.00","0.00","0.00",45,0,6978,0,0
468,5,15,0,FALSE,"2024-08-17T14:00:00Z",1,0,1,0,0,0,0,0,0,0,0,0,0,0,0,0,"0.0","0.0","0.0","0.0",0,"0.00","0.00","0.00","0.00",50,0,8265,0,0
469,5,15,2,FALSE,"2024-08-17T14:00:00Z",1,0,1,90,0,0,0,1,0,0,0,0,0,0,0,2,"0.0","0.0","0.0","0.0",1,"0.00","0.00","0.00","0.25",45,0,13740,0,0
470,5,15,0,FALSE,"2024-08-17T14:00:00Z",1,0,1,0,0,0,0,0,0,0,0,0,0,0,0,0,"0.0","0.0","0.0","0.0",0,"0.00","0.00","0.00","0.00",50,0,9474,0,0
471,5,15,2,FALSE,"2024-08-17T14:00:00Z",1,0,1,90,0,0,0,1,0,0,0,0,0,0,0,13,"4.8","7.7","28.0","4.1",1,"0.31","0.25","0.56","0.25",50,0,4947,0,0
472,5,15,1,FALSE,"2024-08-17T14:00:00Z",1,0,1,90,0,0,0,1,0,0,0,1,0,0,0,6,"12.2","16.6","4.0","3.3",1,"0.00","0.04","0.04","0.25",40,0,21269,0,0
473,5,15,0,FALSE,"2024-08-17T14:00:00Z",1,0,1,0,0,0,0,0,0,0,0,0,0,0,0,0,"0.0","0.0","0.0","0.0",0,"0.00","0.00","0.00","0.00",45,0,64653,0,0
474,5,15,1,FALSE,"2024-08-17T14:00:00Z",1,0,1,45,0,0,0,1,0,0,0,0,0,0,0,6,"6.0","15.1","2.0","2.3",1,"0.00","0.22","0.22","0.25",45,0,13339,0,0
475,5,15,0,FALSE,"2024-08-17T14:00:00Z",1,0,1,0,0,0,0,0,0,0,0,0,0,0,0,0,"0.0","0.0","0.0","0.0",0,"0.00","0.00","0.00","0.00",40,0,514848,0,0
476,5,15,2,FALSE,"2024-08-17T14:00:00Z",1,0,1,80,0,0,0,1,0,0,0,0,0,0,0,8,"2.0","10.9","8.0","2.1",1,"0.06","0.08","0.14","0.25",45,0,40395,0,0
477,5,15,0,FALSE,"2024-08-17T14:00:00Z",1,0,1,0,0,0,0,0,0,0,0,0,0,0,0,0,"0.0","0.0","0.0","0.0",0,"0.00","0.00","0.00","0.00",40,0,101631,0,0
518,5,15,2,FALSE,"2024-08-17T14:00:00Z",1,0,1,90,0,0,0,1,0,0,0,0,0,0,0,12,"19.4","43.3","7.0","7.0",1,"0.11","0.10","0.21","0.25",50,0,5433,0,0
584,5,15,1,FALSE,"2024-08-17T14:00:00Z",1,0,1,70,0,0,0,1,0,0,0,1,0,0,0,-2,"2.6","14.0","16.0","3.3",1,"0.30","0.02","0.32","0.25",55,0,66244,0,0
608,5,15,1,FALSE,"2024-08-17T14:00:00Z",1,0,1,20,0,0,0,0,0,0,0,0,0,0,0,6,"2.8","12.3","0.0","1.5",0,"0.00","0.02","0.02","0.00",45,0,2073,0,0
82,10,11,2,FALSE,"2024-08-19T19:00:00Z",1,1,1,90,0,0,0,1,0,0,0,0,0,0,0,17,"19.0","15.3","61.0","9.5",1,"0.34","0.15","0.49","1.02",75,0,2587953,0,0
478,10,11,0,FALSE,"2024-08-19T19:00:00Z",1,1,1,0,0,0,0,0,0,0,0,0,0,0,0,0,"0.0","0.0","0.0","0.0",0,"0.00","0.00","0.00","0.00",40,0,41050,0,0
479,10,11,0,FALSE,"2024-08-19T19:00:00Z",1,1,1,0,0,0,0,0,0,0,0,0,0,0,0,0,"0.0","0.0","0.0","0.0",0,"0.00","0.00","0.00","0.00",40,0,33843,0,0
480,10,11,1,FALSE,"2024-08-19T19:00:00Z",1,1,1,77,0,0,0,1,0,0,0,1,0,0,0,15,"9.8","4.8","29.0","4.4",1,"0.27","0.04","0.31","0.90",50,0,21555,0,0
481,10,11,1,FALSE,"2024-08-19T19:00:00Z",1,1,1,12,0,0,0,0,0,0,0,0,0,0,0,9,"11.8","19.4","5.0","3.6",0,"0.06","0.14","0.20","0.12",45,0,75912,0,0
482,10,11,0,FALSE,"2024-08-19T19:00:00Z",1,1,1,0,0,0,0,0,0,0,0,0,0,0,0,0,"0.0","0.0","0.0","0.0",0,"0.00","0.00","0.00","0.00",50,0,10961,0,0
483,10,11,0,FALSE,"2024-08-19T19:00:00Z",1,1,1,0,0,0,0,0,0,0,0,0,0,0,0,0,"0.0","0.0","0.0","0.0",0,"0.00","0.00","0.00","0.00",50,0,267,0,0
484,10,11,0,FALSE,"2024-08-19T19:00:00Z",1,1,1,0,0,0,0,0,0,0,0,0,0,0,0,0,"0.0","0.0","0.0","0.0",0,"0.00","0.00","0.00","0.00",45,0,18554,0,0
485,10,11,0,FALSE,"2024-08-19T19:00:00Z",1,1,1,0,0,0,0,0,0,0,0,0,0,0,0,0,"0.0","0.0","0.0","0.0",0,"0.00","0.00","0.00","0.00",45,0,9576,0,0
486,10,11,0,FALSE,"2024-08-19T19:00:00Z",1,1,1,0,0,0,0,0,0,0,0,0,0,0,0,0,"0.0","0.0","0.0","0.0",0,"0.00","0.00","0.00","0.00",45,0,20787,0,0
487,10,11,0,FALSE,"2024-08-19T19:00:00Z",1,1,1,0,0,0,0,0,0,0,0,0,0,0,0,0,"0.0","0.0","0.0","0.0",0,"0.00","0.00","0.00","0.00",45,0,3601,0,0
488,10,11,0,FALSE,"2024-08-19T19:00:00Z",1,1,1,0,0,0,0,0,0,0,0,0,0,0,0,0,"0.0","0.0","0.0","0.0",0,"0.00","0.00","0.00","0.00",45,0,21470,0,0
489,10,11,1,FALSE,"2024-08-19T19:00:00Z",1,1,1,12,0,0,0,0,0,0,0,0,0,0,0,1,"6.6","1.5","0.0","0.8",0,"0.00","0.01","0.01","0.12",50,0,23217,0,0
490,10,11,0,FALSE,"2024-08-19T19:00:00Z",1,1,1,0,0,0,0,0,0,0,0,0,0,0,0,0,"0.0","0.0","0.0","0.0",0,"0.00","0.00","0.00","0.00",50,0,824,0,0
491,10,11,2,FALSE,"2024-08-19T19:00:00Z",1,1,1,77,0,0,0,1,0,0,0,0,0,0,0,8,"13.6","14.4","31.0","5.9",1,"0.12","0.08","0.20","0.90",65,0,64515,0,0
492,10,11,1,FALSE,"2024-08-19T19:00:00Z",1,1,1,11,0,0,0,0,0,0,0,0,0,0,0,0,"2.4","1.3","22.0","2.6",0,"0.00","0.17","0.17","0.12",65,0,229933,0,0
493,10,11,0,FALSE,"2024-08-19T19:00:00Z",1,1,1,0,0,0,0,0,0,0,0,0,0,0,0,0,"0.0","0.0","0.0","0.0",0,"0.00","0.00","0.00","0.00",50,0,8584,0,0
494,10,11,5,FALSE,"2024-08-19T19:00:00Z",1,1,1,78,0,1,0,1,0,0,0,0,0,0,0,25,"31.6","52.8","15.0","9.9",1,"0.02","0.98","1.00","0.90",75,0,373759,0,0
495,10,11,9,FALSE,"2024-08-19T19:00:00Z",1,1,1,90,1,0,0,1,0,0,0,0,0,0,1,28,"50.0","59.3","21.0","13.0",1,"0.09","0.32","0.41","0.96",55,0,3078763,0,0
496,10,11,0,FALSE,"2024-08-19T19:00:00Z",1,1,1,0,0,0,0,0,0,0,0,0,0,0,0,0,"0.0","0.0","0.0","0.0",0,"0.00","0.00","0.00","0.00",45,0,27926,0,0
497,10,11,1,FALSE,"2024-08-19T19:00:00Z",1,1,1,1,0,0,0,0,0,0,0,0,0,0,0,-1,"0.0","1.0","7.0","0.7",0,"0.19","0.00","0.19","0.06",70,0,94269,0,0
498,10,11,2,FALSE,"2024-08-19T19:00:00Z",1,1,1,90,0,0,0,1,0,0,0,0,0,0,0,13,"13.6","2.9","4.0","2.1",1,"0.09","0.03","0.12","1.02",50,0,434560,0,0
499,10,11,2,FALSE,"2024-08-19T19:00:00Z",1,1,1,77,0,0,0,1,0,0,0,0,0,0,0,12,"7.0","15.6","6.0","2.9",1,"0.01","0.04","0.05","0.90",50,0,23419,0,0
500,10,11,0,FALSE,"2024-08-19T19:00:00Z",1,1,1,0,0,0,0,0,0,0,0,0,0,0,0,0,"0.0","0.0","0.0","0.0",0,"0.00","0.00","0.00","0.00",45,0,21142,0,0
501,10,11,0,FALSE,"2024-08-19T19:00:00Z",1,1,1,0,0,0,0,0,0,0,0,0,0,0,0,0,"0.0","0.0","0.0","0.0",0,"0.00","0.00","0.00","0.00",50,0,3601,0,0
502,10,11,0,FALSE,"2024-08-19T19:00:00Z",1,1,1,0,0,0,0,0,0,0,0,0,0,0,0,0,"0.0","0.0","0.0","0.0",0,"0.00","0.00","0.00","0.00",55,0,5690,0,0
503,10,11,2,FALSE,"2024-08-19T19:00:00Z",1,1,1,90,0,0,0,1,0,0,0,0,0,0,0,18,"12.6","32.2","22.0","6.7",1,"0.03","0.30","0.33","0.96",100,0,871012,0,0
504,10,11,1,FALSE,"2024-08-19T19:00:00Z",1,1,1,1,0,0,0,0,0,0,0,0,0,0,0,3,"1.8","1.1","0.0","0.3",0,"0.00","0.00","0.00","0.06",45,0,8800,0,0
505,10,11,2,FALSE,"2024-08-19T19:00:00Z",1,1,1,90,0,0,0,1,0,0,0,0,0,0,0,2,"15.6","7.8","10.0","3.3",1,"0.00","0.06","0.06","1.02",50,0,331696,0,0
506,10,11,2,FALSE,"2024-08-19T19:00:00Z",1,1,1,90,0,0,0,1,0,0,0,0,0,0,0,12,"15.0","3.3","0.0","1.8",1,"0.00","0.02","0.02","1.02",45,0,578525,0,0
507,10,11,0,FALSE,"2024-08-19T19:00:00Z",1,1,1,0,0,0,0,0,0,0,0,0,0,0,0,0,"0.0","0.0","0.0","0.0",0,"0.00","0.00","0.00","0.00",50,0,1545,0,0
508,10,11,2,FALSE,"2024-08-19T19:00:00Z",1,1,1,90,0,0,0,1,0,0,0,0,0,2,0,16,"26.0","0.0","0.0","2.6",1,"0.00","0.00","0.00","1.02",50,0,355891,0,0
509,10,11,1,FALSE,"2024-08-19T19:00:00Z",1,1,1,12,0,0,0,0,0,0,0,0,0,0,0,3,"2.2","5.8","4.0","1.2",0,"0.00","0.02","0.02","0.12",65,0,25680,0,0
510,10,11,0,FALSE,"2024-08-19T19:00:00Z",1,1,1,0,0,0,0,0,0,0,0,0,0,0,0,0,"0.0","0.0","0.0","0.0",0,"0.00","0.00","0.00","0.00",40,0,117595,0,0
609,10,11,0,FALSE,"2024-08-19T19:00:00Z",1,1,1,0,0,0,0,0,0,0,0,0,0,0,0,0,"0.0","0.0","0.0","0.0",0,"0.00","0.00","0.00","0.00",45,0,17747,0,0
610,10,11,0,FALSE,"2024-08-19T19:00:00Z",1,1,1,0,0,0,0,0,0,0,0,0,0,0,0,0,"0.0","0.0","0.0","0.0",0,"0.00","0.00","0.00","0.00",45,0,8413,0,0
612,10,11,0,FALSE,"2024-08-19T19:00:00Z",1,1,1,0,0,0,0,0,0,0,0,0,0,0,0,0,"0.0","0.0","0.0","0.0",0,"0.00","0.00","0.00","0.00",55,0,954,0,0
388,7,2,0,TRUE,"2024-08-17T16:30:00Z",1,2,1,0,0,0,0,0,0,0,0,0,0,0,0,0,"0.0","0.0","0.0","0.0",0,"0.00","0.00","0.00","0.00",45,0,168413,0,0
511,7,2,0,TRUE,"2024-08-17T16:30:00Z",1,2,1,0,0,0,0,0,0,0,0,0,0,0,0,0,"0.0","0.0","0.0","0.0",0,"0.00","0.00","0.00","0.00",50,0,9327,0,0
512,7,2,2,TRUE,"2024-08-17T16:30:00Z",1,2,1,72,0,0,0,1,0,0,0,0,0,0,0,4,"0.0","0.4","11.0","0.8",1,"0.15","0.00","0.15","1.76",55,0,121442,0,0
513,7,2,1,TRUE,"2024-08-17T16:30:00Z",1,2,1,90,0,0,0,2,0,0,0,0,0,1,0,5,"10.0","0.0","0.0","1.0",1,"0.00","0.00","0.00","2.03",45,0,858916,0,0
514,7,2,2,TRUE,"2024-08-17T16:30:00Z",1,2,1,72,0,0,0,1,0,0,0,0,0,0,0,3,"4.6","16.8","2.0","2.3",1,"0.00","0.07","0.07","1.76",75,0,647171,0,0
515,7,2,0,TRUE,"2024-08-17T16:30:00Z",1,2,1,0,0,0,0,0,0,0,0,0,0,0,0,0,"0.0","0.0","0.0","0.0",0,"0.00","0.00","0.00","0.00",50,0,2853,0,0
516,7,2,1,TRUE,"2024-08-17T16:30:00Z",1,2,1,84,0,0,0,2,0,0,0,0,0,0,0,-1,"18.0","15.2","0.0","3.3",1,"0.00","0.10","0.10","1.96",45,0,76370,0,0
517,7,2,0,TRUE,"2024-08-17T16:30:00Z",1,2,1,0,0,0,0,0,0,0,0,0,0,0,0,0,"0.0","0.0","0.0","0.0",0,"0.00","0.00","0.00","0.00",40,0,215475,0,0
519,7,2,0,TRUE,"2024-08-17T16:30:00Z",1,2,1,0,0,0,0,0,0,0,0,0,0,0,0,0,"0.0","0.0","0.0","0.0",0,"0.00","0.00","0.00","0.00",45,0,10475,0,0
520,7,2,1,TRUE,"2024-08-17T16:30:00Z",1,2,1,90,0,0,0,2,0,0,0,0,0,0,0,5,"6.6","2.5","17.0","2.6",1,"0.04","0.02","0.06","2.03",45,0,60284,0,0
521,7,2,0,TRUE,"2024-08-17T16:30:00Z",1,2,1,0,0,0,0,0,0,0,0,0,0,0,0,0,"0.0","0.0","0.0","0.0",0,"0.00","0.00","0.00","0.00",40,0,1150090,0,0
522,7,2,0,TRUE,"2024-08-17T16:30:00Z",1,2,1,0,0,0,0,0,0,0,0,0,0,0,0,0,"0.0","0.0","0.0","0.0",0,"0.00","0.00","0.00","0.00",45,0,14365,0,0
523,7,2,1,TRUE,"2024-08-17T16:30:00Z",1,2,1,5,0,0,0,0,0,0,0,0,0,0,0,2,"3.2","0.3","17.0","2.1",0,"0.25","0.00","0.25","0.07",50,0,84653,0,0
524,7,2,1,TRUE,"2024-08-17T16:30:00Z",1,2,1,90,0,0,0,2,0,0,0,0,0,0,0,9,"31.2","11.3","2.0","4.5",1,"0.00","0.07","0.07","2.03",45,0,73980,0,0
525,7,2,2,TRUE,"2024-08-17T16:30:00Z",1,2,1,90,0,0,0,2,0,0,0,0,0,0,0,11,"7.6","27.5","22.0","5.7",1,"0.08","0.47","0.55","2.03",65,0,763274,0,0
526,7,2,0,TRUE,"2024-08-17T16:30:00Z",1,2,1,0,0,0,0,0,0,0,0,0,0,0,0,0,"0.0","0.0","0.0","0.0",0,"0.00","0.00","0.00","0.00",50,0,3225,0,0
527,7,2,6,TRUE,"2024-08-17T16:30:00Z",1,2,1,73,1,0,0,1,0,0,0,1,0,0,0,21,"40.4","17.0","17.0","7.4",1,"0.79","0.04","0.83","1.76",60,0,139323,0,0
528,7,2,1,TRUE,"2024-08-17T16:30:00Z",1,2,1,90,0,0,0,2,0,0,0,0,0,0,0,13,"27.8","0.9","2.0","3.1",1,"0.02","0.00","0.02","2.03",45,0,9711,0,0
529,7,2,0,TRUE,"2024-08-17T16:30:00Z",1,2,1,0,0,0,0,0,0,0,0,0,0,0,0,0,"0.0","0.0","0.0","0.0",0,"0.00","0.00","0.00","0.00",45,0,12428,0,0
530,7,2,5,TRUE,"2024-08-17T16:30:00Z",1,2,1,90,0,1,0,2,0,0,0,0,0,0,0,8,"3.4","20.8","35.0","5.9",1,"1.10","0.12","1.22","2.03",50,0,210697,0,0
531,7,2,1,TRUE,"2024-08-17T16:30:00Z",1,2,1,16,0,0,0,1,0,0,0,0,0,0,0,3,"3.4","1.4","0.0","0.5",0,"0.00","0.00","0.00","0.27",65,0,172416,0,0
532,7,2,0,TRUE,"2024-08-17T16:30:00Z",1,2,1,0,0,0,0,0,0,0,0,0,0,0,0,0,"0.0","0.0","0.0","0.0",0,"0.00","0.00","0.00","0.00",45,0,50531,0,0
576,7,2,0,TRUE,"2024-08-17T16:30:00Z",1,2,1,0,0,0,0,0,0,0,0,0,0,0,0,0,"0.0","0.0","0.0","0.0",0,"0.00","0.00","0.00","0.00",50,0,2056,0,0
587,7,2,1,TRUE,"2024-08-17T16:30:00Z",1,2,1,17,0,0,0,1,0,0,0,0,0,0,0,9,"8.2","29.4","6.0","4.4",0,"0.00","0.17","0.17","0.27",60,0,86458,0,0
588,7,2,2,TRUE,"2024-08-17T16:30:00Z",1,2,1,84,0,0,0,2,0,0,0,0,0,0,0,15,"5.6","1.9","1.0","0.9",1,"0.02","0.03","0.05","1.96",50,0,5566,0,0
589,7,2,1,TRUE,"2024-08-17T16:30:00Z",1,2,1,17,0,0,0,1,0,0,0,0,0,0,0,2,"1.2","0.4","0.0","0.2",0,"0.00","0.00","0.00","0.27",70,0,362778,0,0
591,7,2,1,TRUE,"2024-08-17T16:30:00Z",1,2,1,5,0,0,0,0,0,0,0,0,0,0,0,2,"3.0","0.0","0.0","0.3",0,"0.00","0.00","0.00","0.07",45,0,39237,0,0
533,2,1,1,FALSE,"2024-08-17T14:00:00Z",2,0,1,83,0,0,0,2,0,0,0,0,0,0,0,6,"9.0","3.5","1.0","1.4",1,"0.02","0.02","0.04","1.24",45,0,204670,0,0
534,2,1,0,FALSE,"2024-08-17T14:00:00Z",2,0,1,0,0,0,0,0,0,0,0,0,0,0,0,0,"0.0","0.0","0.0","0.0",0,"0.00","0.00","0.00","0.00",50,0,5450,0,0
535,2,1,1,FALSE,"2024-08-17T14:00:00Z",2,0,1,56,0,0,0,1,0,0,0,0,0,0,0,2,"0.0","1.3","1.0","0.0",1,"0.07","0.00","0.07","0.99",50,0,3071,0,0
536,2,1,0,FALSE,"2024-08-17T14:00:00Z",2,0,1,0,0,0,0,0,0,0,0,0,0,0,0,0,"0.0","0.0","0.0","0.0",0,"0.00","0.00","0.00","0.00",40,0,194160,0,0
537,2,1,1,FALSE,"2024-08-17T14:00:00Z",2,0,1,6,0,0,0,0,0,0,0,0,0,0,0,4,"3.0","14.3","2.0","1.9",0,"0.00","0.05","0.05","0.00",45,0,16796,0,0
538,2,1,0,FALSE,"2024-08-17T14:00:00Z",2,0,1,0,0,0,0,0,0,0,0,0,0,0,0,0,"0.0","0.0","0.0","0.0",0,"0.00","0.00","0.00","0.00",45,0,7608,0,0
539,2,1,0,FALSE,"2024-08-17T14:00:00Z",2,0,1,0,0,0,0,0,0,0,0,0,0,0,0,0,"0.0","0.0","0.0","0.0",0,"0.00","0.00","0.00","0.00",45,0,9106,0,0
540,2,1,0,FALSE,"2024-08-17T14:00:00Z",2,0,1,0,0,0,0,0,0,0,0,0,0,0,0,0,"0.0","0.0","0.0","0.0",0,"0.00","0.00","0.00","0.00",45,0,9908,0,0
541,2,1,1,FALSE,"2024-08-17T14:00:00Z",2,0,1,33,0,0,0,1,0,0,0,0,0,0,0,9,"13.8","16.2","17.0","4.7",0,"0.06","0.02","0.08","0.25",65,0,197434,0,0
542,2,1,1,FALSE,"2024-08-17T14:00:00Z",2,0,1,6,0,0,0,0,0,0,0,0,0,0,0,2,"2.4","0.0","0.0","0.2",0,"0.00","0.00","0.00","0.00",45,0,16382,0,0
543,2,1,1,FALSE,"2024-08-17T14:00:00Z",2,0,1,90,0,0,0,2,0,0,0,0,0,0,0,7,"12.2","2.7","9.0","2.4",1,"0.08","0.01","0.09","1.24",45,0,18088,0,0
544,2,1,0,FALSE,"2024-08-17T14:00:00Z",2,0,1,0,0,0,0,0,0,0,0,0,0,0,0,0,"0.0","0.0","0.0","0.0",0,"0.00","0.00","0.00","0.00",50,0,4063,0,0
545,2,1,0,FALSE,"2024-08-17T14:00:00Z",2,0,1,0,0,0,0,0,0,0,0,0,0,0,0,0,"0.0","0.0","0.0","0.0",0,"0.00","0.00","0.00","0.00",50,0,27869,0,0
546,2,1,0,FALSE,"2024-08-17T14:00:00Z",2,0,1,0,0,0,0,0,0,0,0,0,0,0,0,0,"0.0","0.0","0.0","0.0",0,"0.00","0.00","0.00","0.00",45,0,506533,0,0
547,2,1,0,FALSE,"2024-08-17T14:00:00Z",2,0,1,0,0,0,0,0,0,0,0,0,0,0,0,0,"0.0","0.0","0.0","0.0",0,"0.00","0.00","0.00","0.00",45,0,2764,0,0
548,2,1,0,FALSE,"2024-08-17T14:00:00Z",2,0,1,0,0,0,0,0,0,0,0,0,0,0,0,0,"0.0","0.0","0.0","0.0",0,"0.00","0.00","0.00","0.00",55,0,7971,0,0
549,2,1,0,FALSE,"2024-08-17T14:00:00Z",2,0,1,0,0,0,0,0,0,0,0,0,0,0,0,0,"0.0","0.0","0.0","0.0",0,"0.00","0.00","0.00","0.00",45,0,2509,0,0
550,2,1,2,FALSE,"2024-08-17T14:00:00Z",2,0,1,90,0,0,0,2,0,0,0,0,0,0,0,14,"6.0","16.3","4.0","2.6",1,"0.00","0.11","0.11","1.24",65,0,83019,0,0
551,2,1,0,FALSE,"2024-08-17T14:00:00Z",2,0,1,0,0,0,0,0,0,0,0,0,0,0,0,0,"0.0","0.0","0.0","0.0",0,"0.00","0.00","0.00","0.00",45,0,39994,0,0
552,2,1,0,FALSE,"2024-08-17T14:00:00Z",2,0,1,0,0,0,0,0,0,0,0,0,0,0,0,0,"0.0","0.0","0.0","0.0",0,"0.00","0.00","0.00","0.00",40,0,27953,0,0
553,2,1,1,FALSE,"2024-08-17T14:00:00Z",2,0,1,83,0,0,0,2,0,0,0,1,0,0,0,11,"8.6","3.2","0.0","1.2",1,"0.00","0.02","0.02","1.24",50,0,11511,0,0
554,2,1,2,FALSE,"2024-08-17T14:00:00Z",2,0,1,90,0,0,0,2,0,0,0,0,0,4,0,10,"31.2","0.0","0.0","3.1",1,"0.00","0.00","0.00","1.24",45,0,205429,0,0
555,2,1,0,FALSE,"2024-08-17T14:00:00Z",2,0,1,0,0,0,0,0,0,0,0,0,0,0,0,0,"0.0","0.0","0.0","0.0",0,"0.00","0.00","0.00","0.00",50,0,8814,0,0
556,2,1,0,FALSE,"2024-08-17T14:00:00Z",2,0,1,0,0,0,0,0,0,0,0,0,0,0,0,0,"0.0","0.0","0.0","0.0",0,"0.00","0.00","0.00","0.00",40,0,96111,0,0
557,2,1,2,FALSE,"2024-08-17T14:00:00Z",2,0,1,90,0,0,0,2,0,0,0,0,0,0,0,16,"29.8","1.0","0.0","3.1",1,"0.00","0.01","0.01","1.24",50,0,14599,0,0
558,2,1,1,FALSE,"2024-08-17T14:00:00Z",2,0,1,90,0,0,0,2,0,0,0,0,0,0,0,8,"21.8","14.9","0.0","3.7",1,"0.00","0.02","0.02","1.24",40,0,40717,0,0
559,2,1,0,FALSE,"2024-08-17T14:00:00Z",2,0,1,0,0,0,0,0,0,0,0,0,0,0,0,0,"0.0","0.0","0.0","0.0",0,"0.00","0.00","0.00","0.00",45,0,1180,0,0
561,2,1,0,FALSE,"2024-08-17T14:00:00Z",2,0,1,0,0,0,0,0,0,0,0,0,0,0,0,0,"0.0","0.0","0.0","0.0",0,"0.00","0.00","0.00","0.00",40,0,123257,0,0
562,2,1,1,FALSE,"2024-08-17T14:00:00Z",2,0,1,15,0,0,0,0,0,0,0,0,0,0,0,2,"0.0","0.2","1.0","0.0",0,"0.04","0.00","0.04","0.06",55,0,3736,0,0
563,2,1,2,FALSE,"2024-08-17T14:00:00Z",2,0,1,74,0,0,0,2,0,0,0,0,0,0,0,6,"0.0","6.3","10.0","1.5",1,"0.05","0.01","0.06","1.18",55,0,13259,0,0
564,2,1,0,FALSE,"2024-08-17T14:00:00Z",2,0,1,0,0,0,0,0,0,0,0,0,0,0,0,0,"0.0","0.0","0.0","0.0",0,"0.00","0.00","0.00","0.00",45,0,7482,0,0
565,2,1,1,FALSE,"2024-08-17T14:00:00Z",2,0,1,6,0,0,0,0,0,0,0,0,0,0,0,6,"7.4","1.3","17.0","2.6",0,"0.08","0.01","0.09","0.00",55,0,20559,0,0
566,2,1,2,FALSE,"2024-08-17T14:00:00Z",2,0,1,83,0,0,0,2,0,0,0,0,0,0,0,2,"2.4","1.9","23.0","2.7",1,"0.08","0.00","0.08","1.24",55,0,17027,0,0
567,2,1,0,FALSE,"2024-08-17T14:00:00Z",2,0,1,90,0,0,0,2,0,0,0,1,0,0,0,-6,"8.4","1.3","6.0","1.6",1,"0.00","0.01","0.01","1.24",45,0,21377,0,0
